month,region,hours,mean_price_aud_mwh,median_price_aud_mwh,negative_price_hour_share,mean_renewable_share_ws,mean_intrahour_price_sd
2019-07,NSW1,744,71.56922165994624,66.07517874999999,0.002688172043010753,0.08574246094229589,9.700633247337976
2019-07,QLD1,744,66.16767561491936,62.547732499999995,0.01881720430107527,0.0559542542101524,12.241390334613152
2019-07,SA1,744,73.92711823700716,82.13102833333333,0.10349462365591398,0.6144553153571903,28.927390302205435
2019-07,TAS1,744,74.77032562724014,82.95681625,0.07661290322580645,0.15023222522420338,16.160225571981048
2019-07,VIC1,744,85.92212110103047,90.65992208333333,0.041666666666666664,0.15756219488024983,16.725373798055887
2019-08,NSW1,744,84.03954798499105,69.56046833333333,0.009408602150537635,0.08884812522564088,18.22122323839828
2019-08,QLD1,744,61.72665413194444,58.9175575,0.06720430107526881,0.07310089102117553,15.226951434948427
2019-08,SA1,744,78.77709704637097,82.93144166666667,0.17473118279569894,0.6192894784412698,44.51668750478095
2019-08,TAS1,744,70.03695266913083,82.75393291666667,0.10080645161290322,0.12675373861784486,18.786358498418295
2019-08,VIC1,744,104.9470707594086,95.01609625,0.04032258064516129,0.16202452268872006,26.986348054906117
2019-09,NSW1,720,95.62358343402776,80.99829208333333,0.008333333333333333,0.09946937162860325,22.654575000482758
2019-09,QLD1,720,58.52486983101852,56.892921666666666,0.10972222222222222,0.08036981242778282,31.319150194210458
2019-09,SA1,720,72.94671778125,77.72457291666666,0.1638888888888889,0.63164553841166,44.39791285581031
2019-09,TAS1,720,57.61601889930556,50.05619833333333,0.004166666666666667,0.13083526275584847,10.283422019168562
2019-09,VIC1,720,104.76333115277778,92.038945,0.018055555555555554,0.14717413301557433,27.626614897743295
2019-10,NSW1,744,101.77303451276882,90.42086416666666,0.008064516129032258,0.0921389250149645,21.76473224159265
2019-10,QLD1,744,74.1598492125896,73.27987791666666,0.07123655913978495,0.07642189464389705,23.80938876271138
2019-10,SA1,744,67.33974909386201,82.57379416666666,0.2056451612903226,0.6936655452242142,51.89729282378836
2019-10,TAS1,744,107.67943357302869,100.3484225,0.010752688172043012,0.13146817608269332,24.468010501565267
2019-10,VIC1,744,100.69909333557347,93.98702375000002,0.05241935483870968,0.14697740541697685,22.598002908220472
2019-11,NSW1,720,69.90287561226852,69.08134166666667,0.0,0.11560177823614128,10.301772519242785
2019-11,QLD1,720,61.07652422222222,62.01579291666667,0.034722222222222224,0.08851805512874553,11.011605408771036
2019-11,SA1,720,50.8623196400463,64.51065750000001,0.14444444444444443,0.7178052214079276,33.10085731434318
2019-11,TAS1,720,68.28846261342592,62.39932625,0.041666666666666664,0.1669640198968638,30.009200022610276
2019-11,VIC1,720,67.97749321875,68.37272375,0.044444444444444446,0.17005945687011342,12.298694752303659
2019-12,NSW1,744,52.08880257056452,50.43962,0.0,0.10786815089294187,5.881988374499393
2019-12,QLD1,744,54.828220715725806,52.44344208333334,0.0013440860215053765,0.08168291576820436,9.56711914185523
2019-12,SA1,744,84.0338527329749,54.74239625,0.07258064516129033,0.6020011162300204,45.97297441953218
2019-12,TAS1,744,52.18248094758065,52.127314166666665,0.06048387096774194,0.144374033272511,14.715340219685269
2019-12,VIC1,744,61.390173680555556,51.523511666666664,0.09005376344086022,0.16236218058570429,26.06517265765211
2020-01,NSW1,744,152.30453444668458,50.776927916666665,0.009408602150537635,0.08770158495865568,92.49794171377036
2020-01,QLD1,744,66.78879211805555,50.72295416666667,0.013440860215053764,0.05886945034282414,41.74788897437518
2020-01,SA1,744,83.20360527553763,55.51732666666667,0.06720430107526881,0.6489972511722417,40.533777911773406
2020-01,TAS1,744,56.84046546594982,60.090881249999995,0.043010752688172046,0.12520186112468923,14.385887381243835
2020-01,VIC1,744,142.95465078068995,52.73520958333333,0.06048387096774194,0.1497124076821863,71.80639635904284
2020-02,NSW1,696,57.50137468989463,49.18269291666667,0.0014367816091954023,0.09957445044575226,13.932661511585838
2020-02,QLD1,696,53.81405816331417,48.42729541666667,0.0014367816091954023,0.06003955973364219,7.724281555999541
2020-02,SA1,696,64.17696649185824,50.45922041666667,0.1853448275862069,0.46116863547548437,58.17566483889624
2020-02,TAS1,696,39.09949962883142,41.00364916666667,0.11494252873563218,0.15393933317480352,18.400413747839924
2020-02,VIC1,696,48.305957586206894,46.13150791666666,0.027298850574712645,0.12925889068415766,8.194285182228487
2020-03,NSW1,744,46.16458588821684,43.85309875,0.002688172043010753,0.0971191070789865,5.313135521872826
2020-03,QLD1,744,41.272052131496416,39.567022916666666,0.02956989247311828,0.08207416830153279,8.706400710646232
2020-03,SA1,744,46.95176400985663,43.647767916666666,0.09274193548387097,0.6629955791550688,35.90663198100798
2020-03,TAS1,744,37.36566764672939,39.3055625,0.04838709677419355,0.11900996024102618,11.241498671787532
2020-03,VIC1,744,43.30338164314516,43.60118333333333,0.041666666666666664,0.17275599302403338,6.10739530634563
2020-04,NSW1,720,40.36774471527777,39.32078833333334,0.03333333333333333,0.10013326088654503,7.545839071333132
2020-04,QLD1,720,36.98955490625,37.24710916666667,0.043055555555555555,0.09024205232978741,7.042434109457672
2020-04,SA1,720,33.50263263078704,38.09442416666667,0.14444444444444443,0.5974014433115741,15.476790514457583
2020-04,TAS1,720,23.369845175925928,19.866543749999998,0.1638888888888889,0.1634288533290466,9.537211123554005
2020-04,VIC1,720,34.834594155092596,36.90174291666666,0.14305555555555555,0.15865119369444705,8.492932927799776
2020-05,NSW1,744,41.94973651433692,38.629918333333336,0.016129032258064516,0.09119673307954856,7.384813402029558
2020-05,QLD1,744,31.17942226702509,34.872378749999996,0.10483870967741936,0.09115780923015183,11.93269804718183
2020-05,SA1,744,37.26191988799283,38.21613583333333,0.11021505376344086,0.593808809809184,11.3140886134384
2020-05,TAS1,744,34.76797711021506,30.951741666666663,0.16129032258064516,0.15209723922520288,26.12027093857362
2020-05,VIC1,744,38.29028531922043,37.25329833333333,0.10349462365591398,0.17672326524061385,8.497865323679871
2020-06,NSW1,720,48.086501954861106,38.67159541666666,0.0,0.07114349823770567,16.939406499964534
2020-06,QLD1,720,33.70550415625,32.902346249999994,0.1388888888888889,0.08445649645460722,11.416410175328739
2020-06,SA1,720,50.273790950231486,41.252225,0.04861111111111111,0.5239019089283624,20.536734889965853
2020-06,TAS1,720,36.40784491435185,33.128969166666664,0.0875,0.13984371677936985,19.369812208357253
2020-06,VIC1,720,48.65622710416667,40.21114166666666,0.025,0.12479447575014015,18.738090770446167
2020-07,NSW1,744,47.980806192876344,41.98566291666667,0.005376344086021506,0.07638433150894933,9.52371330344693
2020-07,QLD1,744,38.22936810371864,35.99739791666667,0.0793010752688172,0.08378741221143272,11.195852936855722
2020-07,SA1,744,59.33482392921147,58.06793416666667,0.02956989247311828,0.4031508616676803,15.821816357706023
2020-07,TAS1,744,56.60397291778674,51.08195333333333,0.0228494623655914,0.10727269458984544,31.60560348116698
2020-07,VIC1,744,63.596935256496415,59.874599583333335,0.008064516129032258,0.1266175009392427,16.350310196973886
2020-08,NSW1,744,49.86290988239247,40.531054166666664,0.008064516129032258,0.10529796068186349,14.27775475225748
2020-08,QLD1,744,30.45469626232079,32.808481666666665,0.16666666666666666,0.09644281447647311,11.393833478906762
2020-08,SA1,744,45.567055808691755,45.561852083333335,0.1196236559139785,0.6452613624761506,24.21032789635936
2020-08,TAS1,744,55.74692554547491,52.32107416666667,0.043010752688172046,0.1451662068874787,18.583494367872504
2020-08,VIC1,744,53.698824582213255,49.1134775,0.033602150537634407,0.20049819334892058,17.63195438850894
2020-09,NSW1,720,40.987455672453706,38.46838458333333,0.0125,0.12924314761062924,7.7934755454620435
2020-09,QLD1,720,27.36080081712963,30.408614583333332,0.2222222222222222,0.1084286348173452,11.92385921056964
2020-09,SA1,720,15.214713149305556,32.5382825,0.3194444444444444,0.8178788447424239,38.13495426574216
2020-09,TAS1,720,37.5206234375,36.48568958333334,0.08888888888888889,0.2324713745208257,14.534158643595559
2020-09,VIC1,720,34.65089644328704,35.92168875,0.14722222222222223,0.2368746516321641,9.992591787977474
2020-10,NSW1,744,57.871832103494626,43.81937166666667,0.01478494623655914,0.12018095404553256,25.91743860963363
2020-10,QLD1,744,35.217746636424735,35.50501333333334,0.20430107526881722,0.10058097853708209,21.72571546627219
2020-10,SA1,744,32.974609959677416,40.47737625,0.25268817204301075,0.7225224416023759,27.727474082912668
2020-10,TAS1,744,41.51336793794803,39.61116666666666,0.14381720430107528,0.16631882149287203,22.950791285746227
2020-10,VIC1,744,44.79120014784946,41.58087333333334,0.135752688172043,0.22604187178599816,14.419108086055342
2020-11,NSW1,720,62.48806405208334,43.12600166666667,0.004166666666666667,0.11626043568090358,35.725895917605484
2020-11,QLD1,720,45.34744150462963,37.49859291666667,0.09583333333333334,0.10921565451589213,31.02793615717084
2020-11,SA1,720,36.72066766087963,41.33437166666667,0.21666666666666667,0.7958162333233973,23.171734131196292
2020-11,TAS1,720,59.36710871990741,51.44710125,0.03333333333333333,0.21178841385903285,27.167874882430134
2020-11,VIC1,720,44.07080673842593,43.34179541666667,0.13472222222222222,0.21735114521633558,14.09202805336509
2020-12,NSW1,744,71.3756065389785,39.36811458333334,0.009408602150537635,0.13987540917004743,55.98291501393527
2020-12,QLD1,744,54.45782211469534,40.55745916666667,0.0228494623655914,0.08841898875969449,32.05179062930911
2020-12,SA1,744,16.784434033378137,31.2743225,0.3185483870967742,0.8008868039801532,26.41895519372955
2020-12,TAS1,744,36.8650088765681,39.64027166666666,0.16666666666666666,0.2410188733067777,17.028851358219555
2020-12,VIC1,744,23.79280019153226,30.02108666666667,0.2956989247311828,0.2490472084212602,12.805068580720842
2021-01,NSW1,744,38.83943695564516,35.88760458333333,0.0013440860215053765,0.1286231416386397,4.872320139871648
2021-01,QLD1,744,40.35451019713262,35.25101333333333,0.002688172043010753,0.09097885861456123,14.22089131448693
2021-01,SA1,744,28.70063847334229,32.17871875,0.26344086021505375,0.708052563232846,36.6942353780505
2021-01,TAS1,744,37.808749963037634,35.48953083333333,0.051075268817204304,0.204765364373504,14.321219548770722
2021-01,VIC1,744,22.81601852262545,30.362545416666666,0.21908602150537634,0.24926267522606776,7.739781601658338
2021-02,NSW1,672,35.12946893973214,35.11380583333334,0.001488095238095238,0.13367895397677584,3.230923592849168
2021-02,QLD1,672,41.68528002232143,35.358767916666665,0.001488095238095238,0.080033492617542,21.73116774465539
2021-02,SA1,672,22.486379866071427,31.13092875,0.24553571428571427,0.6661682772621499,20.503270870545844
2021-02,TAS1,672,31.986305291418653,30.802934166666667,0.0625,0.19642760117639724,14.2063806986996
2021-02,VIC1,672,21.85003984375,28.47035125,0.21279761904761904,0.21793151961492457,6.837870452364261
2021-03,NSW1,744,38.96789502912186,35.46743666666667,0.004032258064516129,0.13851568525896982,5.915709802808209
2021-03,QLD1,744,45.80844881272401,36.359686249999996,0.04435483870967742,0.08870869540118013,36.32366725392968
2021-03,SA1,744,68.7727924921595,34.663975416666666,0.18413978494623656,0.5892362777513466,71.29651981329368
2021-03,TAS1,744,30.780171214157704,28.192981666666668,0.03763440860215054,0.21907720614598833,9.575619834159346
2021-03,VIC1,744,30.363548184363797,30.015247916666667,0.08602150537634409,0.19328577725229845,6.684984370293631
2021-04,NSW1,720,55.70690965972222,39.29154,0.034722222222222224,0.124207889768116,20.40584871098152
2021-04,QLD1,720,53.464753109953705,35.81599083333333,0.14166666666666666,0.08710459362071464,65.67856892285435
2021-04,SA1,720,52.13602201157408,46.05926625000001,0.1597222222222222,0.4876933114932919,21.627795123149664
2021-04,TAS1,720,25.337647336805553,25.35398916666667,0.2625,0.2368630055162337,10.831628454218356
2021-04,VIC1,720,49.46694634953704,38.5614,0.1527777777777778,0.19334010326163573,16.90394444268455
2021-05,NSW1,744,117.59005989135305,47.48941666666667,0.0228494623655914,0.10617898414273225,128.2172738352002
2021-05,QLD1,744,129.25349831653227,42.196941249999995,0.1303763440860215,0.09485777545784306,130.42719553674593
2021-05,SA1,744,72.99228804099462,50.59103375,0.17204301075268819,0.55191150905007,65.6851517370086
2021-05,TAS1,744,41.24680873543907,35.63702583333333,0.10215053763440861,0.18111797569415405,23.79753885303057
2021-05,VIC1,744,72.84231521729392,45.09723541666666,0.15188172043010753,0.22238822039034267,63.84550505246676
2021-06,NSW1,720,160.03959944444443,76.28039458333333,0.02638888888888889,0.0967680193332788,192.25407312343728
2021-06,QLD1,720,200.71849580439815,74.25677375000001,0.11666666666666667,0.08719160654114039,370.00858298758175
2021-06,SA1,720,84.38865996643518,82.10887166666666,0.14305555555555555,0.5698125884412371,41.64558298031285
2021-06,TAS1,720,68.88205639236111,58.355660416666666,0.10972222222222222,0.12198792048800383,31.117850370315242
2021-06,VIC1,720,87.91743438425925,79.11267624999999,0.10416666666666667,0.19738622157896393,40.47631350112263
2021-07,NSW1,744,124.01277433579749,76.25761,0.0456989247311828,0.11952098297801801,89.13785440728257
2021-07,QLD1,744,135.0782851657706,71.61502708333333,0.11827956989247312,0.10367985285188412,153.29892878211902
2021-07,SA1,744,91.1873203125,81.00723875,0.23655913978494625,0.6637696067538014,43.371476086667755
2021-07,TAS1,744,38.152780293458775,31.033676666666665,0.25268817204301075,0.17559404101878776,23.039468098694414
2021-07,VIC1,744,91.72381843301972,69.22805,0.23521505376344087,0.2472330551472938,35.30773954417071
2021-08,NSW1,744,60.14645440412187,54.41032583333333,0.11424731182795698,0.13913640823637766,16.685357686390063
2021-08,QLD1,744,53.54733512544803,49.853335,0.17473118279569894,0.1111765233197779,19.28040850262768
2021-08,SA1,744,43.43979754032258,50.54043791666666,0.33736559139784944,0.6000495191727016,30.505777875168757
2021-08,TAS1,744,21.456066577060934,22.401952916666666,0.34139784946236557,0.20447251468550112,10.39720233324236
2021-08,VIC1,744,47.001692654569894,48.29737875000001,0.30510752688172044,0.26917296754955267,18.063945940435932
2021-09,NSW1,720,48.90486054861111,51.640405,0.225,0.17212953349538346,15.188705847035148
2021-09,QLD1,720,51.217524832175926,52.134588333333326,0.3388888888888889,0.10893442816475733,60.46101373702533
2021-09,SA1,720,18.769757841435183,26.50727708333333,0.48333333333333334,0.732689236494029,33.56113397118619
2021-09,TAS1,720,16.5200794537037,20.50047125,0.5111111111111111,0.2034096620902932,9.994147941293628
2021-09,VIC1,720,27.71580970833333,28.278788749999997,0.46111111111111114,0.296629418241712,15.085616045195874
2021-10,NSW1,744,57.116988351254484,59.34566291666667,0.12634408602150538,0.17566160125597272,13.304744471451638
2021-10,QLD1,744,66.47889105286738,62.25673833333333,0.17473118279569894,0.10384071773364656,56.389666276426595
2021-10,SA1,744,14.542204611335125,9.52947125,0.5094086021505376,0.7955742367884069,30.165990896417693
2021-10,TAS1,744,9.378244083781363,7.187752083333333,0.553763440860215,0.1964460473293687,8.165119052860362
2021-10,VIC1,744,18.457187017249105,12.440804166666666,0.46774193548387094,0.26610607045661167,12.03674301174587
2021-11,NSW1,720,64.44017477199074,61.58016666666667,0.075,0.15355481981486357,27.387159270509276
2021-11,QLD1,720,96.55194171296296,65.43684541666667,0.1125,0.10061899255142417,75.15025371155798
2021-11,SA1,720,37.690286908564815,43.49882458333333,0.3111111111111111,0.9653306278448098,25.82131201512443
2021-11,TAS1,720,31.764700618055556,31.970653750000004,0.19722222222222222,0.14805681236360002,8.448180760979945
2021-11,VIC1,720,35.01605284027778,40.88359375,0.27361111111111114,0.2829380045838959,12.597920286733011
2021-12,NSW1,744,67.96045088149641,66.19554208333332,0.04838709677419355,0.18355619933014822,13.093752628005035
2021-12,QLD1,744,128.6144320766129,71.71148,0.03763440860215054,0.10830905145348757,62.52418455054919
2021-12,SA1,744,70.31704395497312,38.91773666666667,0.3521505376344086,0.8837208888066731,61.467103917157715
2021-12,TAS1,744,49.85177309251792,53.07509291666667,0.06182795698924731,0.1819218478212031,10.789237425705906
2021-12,VIC1,744,32.231125721326165,32.35803541666667,0.3172043010752688,0.31167270353944543,11.407308070819449
2022-01,NSW1,744,77.1677173611111,77.27416541666668,0.01478494623655914,0.1781080225496111,9.751885805213714
2022-01,QLD1,744,139.89923932459678,97.23502541666667,0.004032258064516129,0.10640054157325016,68.317620082997
2022-01,SA1,744,88.94017058467742,62.938424999999995,0.22849462365591397,0.682899310128682,55.417336153566275
2022-01,TAS1,744,62.542470813172045,59.41844583333333,0.0793010752688172,0.1459845948781433,14.371250115026246
2022-01,VIC1,744,60.81835672267025,55.51912916666666,0.19623655913978494,0.267146962255978,21.82155540720749
2022-02,NSW1,672,83.03337363467261,79.03520291666666,0.03125,0.19537684728762142,19.031840976417293
2022-02,QLD1,672,162.71777480654762,90.378815,0.026785714285714284,0.11351642111913288,79.14807830545435
2022-02,SA1,672,54.21617569568453,64.02275166666666,0.2708333333333333,0.7268411293774715,18.759430759069257
2022-02,TAS1,672,72.21031805431548,64.96922333333333,0.0625,0.1684298628969641,21.81137430613789
2022-02,VIC1,672,54.16976763764881,63.733306666666664,0.20386904761904762,0.285234347234161,12.384850833331408
2022-03,NSW1,744,100.68332243167563,97.77662749999999,0.005376344086021506,0.17271158394848646,16.88315661353167
2022-03,QLD1,744,147.2017066935484,95.71472624999998,0.025537634408602152,0.09794665085993769,61.733768179907926
2022-03,SA1,744,66.9985210640681,74.42907791666667,0.271505376344086,0.6513717928457576,29.95186126459735
2022-03,TAS1,744,74.82882435259857,74.38059166666666,0.05913978494623656,0.1406667320798316,14.742279439421315
2022-03,VIC1,744,54.77926472222222,65.72420666666667,0.24327956989247312,0.24093368852017977,14.082701633746131
2022-04,NSW1,720,186.86530794560187,172.00127625,0.008333333333333333,0.16620367518143886,26.920447259212207
2022-04,QLD1,720,219.7643001446759,176.25724583333331,0.011111111111111112,0.10755106266548889,72.85220397543209
2022-04,SA1,720,152.35964782870371,153.05517458333333,0.16944444444444445,0.6161756364673275,46.021404310781435
2022-04,TAS1,720,141.27255499074073,149.39327666666668,0.06944444444444445,0.13873724501121115,27.824860764057153
2022-04,VIC1,720,141.50592092824076,147.52357375,0.125,0.22933658377113164,27.877759443628175
2022-05,NSW1,744,320.4838852721774,292.15293541666665,0.002688172043010753,0.14453083592077423,87.76470121321424
2022-05,QLD1,744,347.2817944735663,296.2588795833333,0.008064516129032258,0.09002731965794503,124.91338248620872
2022-05,SA1,744,312.3046487264785,264.37341375,0.13978494623655913,0.5532709093675664,123.99011065591709
2022-05,TAS1,744,217.19212989583332,221.97022416666667,0.03225806451612903,0.17757887347857712,41.738248431462104
2022-05,VIC1,744,233.64333227150536,253.45818333333335,0.06854838709677419,0.2048297709929826,31.014773692962336
2022-06,NSW1,720,398.043326099537,359.7552266666667,0.009722222222222222,0.130854494157629,72.31056842576679
2022-06,QLD1,720,400.231019568287,300.0,0.05138888888888889,0.10909864083312672,109.09969244965693
2022-06,SA1,720,302.59142459953705,291.9628895833333,0.15833333333333333,0.5455224104658671,84.63635324463084
2022-06,TAS1,720,286.7512653159722,207.99947999999998,0.015277777777777777,0.21127392041612175,96.37765805530589
2022-06,VIC1,720,296.48991067708334,281.165,0.10416666666666667,0.29496255830094686,69.49939203328564
2022-07,NSW1,744,371.17029231294805,350.1494420833334,0.021505376344086023,0.14485344343252818,56.526178390758204
2022-07,QLD1,744,391.5881988407258,319.11500958333335,0.043010752688172046,0.11459004580992858,104.38139597619721
2022-07,SA1,744,372.48613992271504,372.2297325,0.20295698924731181,0.5428544513355162,97.1129508943824
2022-07,TAS1,744,322.8435328057796,313.40148833333336,0.004032258064516129,0.14068313568511887,31.793671029335133
2022-07,VIC1,744,340.33850060371867,355.53655416666663,0.1693548387096774,0.2545719462760707,53.89992151925362
2022-08,NSW1,744,148.3163192405914,141.43241125,0.06720430107526881,0.16292401184903388,29.365738457840518
2022-08,QLD1,744,133.50814018705196,135.09478124999998,0.15053763440860216,0.12652910915327042,36.03407614490042
2022-08,SA1,744,173.03887316868278,125.28550625,0.31586021505376344,0.6737837820991638,84.43160153385112
2022-08,TAS1,744,149.5064438407258,131.03997166666667,0.03763440860215054,0.20232011460922497,36.508882439290346
2022-08,VIC1,744,121.0067433221326,125.9937775,0.271505376344086,0.3161904469649012,30.589448136056216
2022-09,NSW1,720,153.8689361597222,161.54808208333333,0.12222222222222222,0.16903354461572784,27.532711955117243
2022-09,QLD1,720,156.89746821296296,161.63351375,0.17083333333333334,0.13842881975191526,39.33080142311255
2022-09,SA1,720,147.83535191550925,137.35049125,0.30694444444444446,0.6804764810422572,84.20033601176334
2022-09,TAS1,720,132.73553135416665,126.24203416666668,0.008333333333333333,0.15738050161704378,24.75629561487993
2022-09,VIC1,720,111.7686374502315,134.77936,0.23055555555555557,0.2977826956932703,23.465384861753087
2022-10,NSW1,744,151.6494212544803,151.47674291666667,0.08198924731182795,0.18330011980846503,35.643210170555186
2022-10,QLD1,744,154.0467165120968,150.56880208333334,0.10080645161290322,0.14298324430640255,40.58247123913133
2022-10,SA1,744,93.4948075672043,115.60463541666667,0.3481182795698925,0.7743464561999692,42.99236767686712
2022-10,TAS1,744,121.99857462925627,129.38382291666665,0.12768817204301075,0.13998231718439272,37.703821841196344
2022-10,VIC1,744,98.89669632392471,125.12155708333333,0.26881720430107525,0.2805805622503789,22.252801039675823
2022-11,NSW1,720,112.8996791400463,116.44909791666667,0.15,0.2213140883509612,29.493882271892094
2022-11,QLD1,720,121.50396644444444,121.70197250000001,0.16666666666666666,0.1730039396234062,41.66890803466557
2022-11,SA1,720,62.513649625,43.44884208333333,0.49166666666666664,0.7455784130011427,74.08716248226932
2022-11,TAS1,720,100.98462220833333,63.744173333333336,0.09166666666666666,0.18366679025714644,39.80372031470552
2022-11,VIC1,720,58.62667237731481,53.52713083333333,0.3902777777777778,0.30121078827939496,20.9726423266878
2022-12,NSW1,744,82.64032349126344,96.03111,0.21774193548387097,0.23438811143508248,22.54976983768082
2022-12,QLD1,744,85.462386890681,95.90643666666666,0.2446236559139785,0.1775087117593463,18.85232135330279
2022-12,SA1,744,35.43004108646954,26.13387791666667,0.44623655913978494,0.9062833559462015,26.10938474773868
2022-12,TAS1,744,76.35670070564517,80.82385791666667,0.03763440860215054,0.1601247941060351,20.66990900677123
2022-12,VIC1,744,31.28193509184588,20.089440833333335,0.4327956989247312,0.31668923994895515,14.353971075776418
2023-01,NSW1,744,94.39427954301075,95.54064041666666,0.06854838709677419,0.2044267227998098,15.317707317568955
2023-01,QLD1,744,98.96487670138887,91.62234708333332,0.08870967741935484,0.15098935226339877,30.055491753907997
2023-01,SA1,744,57.20102998319892,65.85306,0.3736559139784946,0.7993327577167902,23.33208639780934
2023-01,TAS1,744,86.8610085405466,87.54397416666667,0.026881720430107527,0.14640030291843883,12.610093088615374
2023-01,VIC1,744,48.09181448812724,63.8807325,0.3521505376344086,0.28257144305106807,12.710839613619239
2023-02,NSW1,672,90.12905168030754,91.11282125,0.10119047619047619,0.21283530770652742,19.134164371770996
2023-02,QLD1,672,88.789600390625,86.18981291666665,0.12053571428571429,0.1529885397079321,18.98543038524331
2023-02,SA1,672,97.05030501488095,81.74807833333332,0.34970238095238093,0.7693778955358995,68.4629999184028
2023-02,TAS1,672,81.53071002604167,89.828655,0.020833333333333332,0.15882900500620406,17.01611252982952
2023-02,VIC1,672,58.00507566840278,79.17882833333334,0.3333333333333333,0.3148005374501624,20.335609297871763
2023-03,NSW1,744,116.01441808355735,90.09348916666666,0.07258064516129033,0.18171592993683014,48.86207847256196
2023-03,QLD1,744,123.07858904121863,88.98075791666666,0.13306451612903225,0.12581178422030156,63.05213211476291
2023-03,SA1,744,64.91870083109319,81.71263958333333,0.3333333333333333,0.674538634801455,20.71172666977037
2023-03,TAS1,744,72.34960620183692,80.05159916666668,0.07526881720430108,0.20245251695837052,22.986220896854597
2023-03,VIC1,744,62.02289596326165,79.90112208333333,0.31586021505376344,0.28543171234858683,17.856017489576228
2023-04,NSW1,720,110.84170701273148,101.49219583333334,0.09583333333333334,0.17803939517014145,21.209372884692357
2023-04,QLD1,720,109.93510564699073,101.21781833333333,0.15138888888888888,0.1601118470182628,29.844316678430882
2023-04,SA1,720,85.01637889351852,89.79349791666667,0.2708333333333333,0.6851663191210164,28.78105714468779
2023-04,TAS1,720,70.03264719791666,67.84284,0.030555555555555555,0.16739097080128518,14.988252371337722
2023-04,VIC1,720,83.61570385763889,85.45925375000002,0.22083333333333333,0.277824687985786,17.909156962732943
2023-05,NSW1,744,193.98750362119173,145.21378541666667,0.026881720430107527,0.14439656698071665,101.27786051763745
2023-05,QLD1,744,164.90333339157706,132.21617458333333,0.14381720430107528,0.18017826024384934,90.11641646529789
2023-05,SA1,744,198.29207243727598,169.8972,0.1586021505376344,0.4848115876599763,77.6626627147332
2023-05,TAS1,744,84.15929664314515,69.56036208333333,0.0456989247311828,0.21462765240403112,27.989471835047713
2023-05,VIC1,744,127.1468541263441,133.05150625,0.14381720430107528,0.2754448934001873,29.482400873506997
2023-06,NSW1,720,105.1971352349537,90.06498208333335,0.0375,0.15097847487416255,32.24791222945951
2023-06,QLD1,720,102.62175259143518,87.15419,0.10416666666666667,0.1514065006171807,45.16247140179143
2023-06,SA1,720,85.58641892476852,58.264273333333335,0.325,0.7177962187191806,42.88129390297121
2023-06,TAS1,720,38.03647926388889,45.25521541666667,0.19305555555555556,0.21474810793990015,14.154220960678053
2023-06,VIC1,720,54.52608007638889,45.64065583333334,0.28194444444444444,0.39091312265529965,17.924691071049374
2023-07,NSW1,744,84.1474250515233,76.90298250000001,0.10349462365591398,0.15745426009248328,18.582817714810815
2023-07,QLD1,744,77.26989094534049,74.65843916666665,0.17069892473118278,0.15854248934225354,18.57061640452014
2023-07,SA1,744,72.76428189292115,63.94374333333333,0.3172043010752688,0.615919657330585,27.483268721059854
2023-07,TAS1,744,23.324109247311828,22.588122499999997,0.37231182795698925,0.26757156213544264,12.24265512545345
2023-07,VIC1,744,55.21060257280466,47.841222083333335,0.3185483870967742,0.3563832083013319,17.532688566051785
2023-08,NSW1,744,93.30923513216845,75.48193333333333,0.13172043010752688,0.172161799497733,33.182638804749374
2023-08,QLD1,744,67.6316871046147,64.43035583333332,0.3064516129032258,0.19749981837229363,24.873986268364778
2023-08,SA1,744,160.2564560954301,72.35572625,0.3010752688172043,0.5586912585885104,103.6496957313533
2023-08,TAS1,744,37.65137847446237,49.23581708333334,0.21370967741935484,0.20081663036861633,11.95785913494335
2023-08,VIC1,744,64.65558184811827,53.591191666666674,0.2782258064516129,0.29130529723949694,30.501562253352844
2023-09,NSW1,720,64.54022519791667,62.08162208333333,0.26805555555555555,0.24528338375753983,27.13647388623927
2023-09,QLD1,720,50.77275476273148,58.0774375,0.37777777777777777,0.20895114297650844,27.904277950220365
2023-09,SA1,720,41.315276805555555,33.38132041666667,0.425,0.8585149220156394,36.89116302386245
2023-09,TAS1,720,26.706468361111114,23.24411458333333,0.2513888888888889,0.22458508218995357,12.0038888441605
2023-09,VIC1,720,26.30665726736111,22.593312500000003,0.4152777777777778,0.32074845097756566,17.003801693068475
2023-10,NSW1,744,42.084985580197134,55.63146208333333,0.27956989247311825,0.25417555990021284,14.105904004984554
2023-10,QLD1,744,37.05175764448925,54.027812499999996,0.3790322580645161,0.21609837702779883,18.170543961682572
2023-10,SA1,744,15.11805718189964,23.498981666666666,0.44489247311827956,1.0721775147839316,16.516754362607305
2023-10,TAS1,744,37.65564984206989,39.618528749999996,0.11290322580645161,0.22284778658705448,11.768125845888711
2023-10,VIC1,744,17.19000593862007,21.94961916666667,0.39919354838709675,0.36434313435000143,12.409889825235132
2023-11,NSW1,720,87.35343866319445,67.07137791666668,0.16527777777777777,0.23823200699640634,40.233618172727155
2023-11,QLD1,720,72.96787073148148,62.796350000000004,0.23194444444444445,0.19494134038837682,33.5220302558809
2023-11,SA1,720,44.915460277777775,43.60634583333333,0.39305555555555555,0.8792389942897967,38.51408220570012
2023-11,TAS1,720,59.96886529166667,59.136383333333335,0.029166666666666667,0.13669052938514573,11.687335318053208
2023-11,VIC1,720,34.94370273263889,44.89447083333334,0.36944444444444446,0.3167356229723348,18.956271927853184
2023-12,NSW1,744,68.25796739471326,61.83516833333333,0.1922043010752688,0.24521355360626546,29.942831070311485
2023-12,QLD1,744,92.99861785954302,68.92314124999999,0.24865591397849462,0.18585225375290632,58.06724205062751
2023-12,SA1,744,38.0285048499104,39.40373958333333,0.4112903225806452,0.900837094576221,35.69162101010036
2023-12,TAS1,744,52.094527002688174,54.45157833333333,0.09274193548387097,0.15448822479333152,11.70063552223975
2023-12,VIC1,744,25.28620207437276,34.584884583333334,0.3951612903225806,0.37314564512606274,15.111831007378091
2024-01,NSW1,744,81.17386184923835,61.186240416666664,0.11827956989247312,0.24431017186964388,43.889430088674345
2024-01,QLD1,744,160.43312157370073,77.4623325,0.08333333333333333,0.16202720714749316,107.20203003714948
2024-01,SA1,744,32.744876307123654,40.428025833333336,0.3709677419354839,0.8089905623618343,19.980861100858764
2024-01,TAS1,744,50.124851741711474,52.40257583333333,0.12365591397849462,0.2050591354595045,16.556553746689044
2024-01,VIC1,744,22.095071344086023,34.15669666666667,0.3736559139784946,0.32075124787811776,14.019932695895276
2024-02,NSW1,696,111.66144249521074,67.54885333333333,0.09051724137931035,0.23240196118075956,62.006748477437256
2024-02,QLD1,696,119.7332745545977,78.38753166666666,0.10919540229885058,0.15425316787817006,67.63405896116164
2024-02,SA1,696,66.07298501436782,52.60491708333333,0.3850574712643678,0.7578178187889398,43.410190670293254
2024-02,TAS1,696,81.85601949712644,61.84328708333334,0.08764367816091954,0.17826074672091602,37.219823040231134
2024-02,VIC1,696,82.94211677681993,50.2321575,0.33477011494252873,0.29412687717358466,41.75431773335642
2024-03,NSW1,744,70.46545925515234,66.16577083333334,0.125,0.22335213051708355,15.301843727059344
2024-03,QLD1,744,74.09246737791219,68.45467500000001,0.16263440860215053,0.17680655592406233,17.759174543228024
2024-03,SA1,744,67.12931622759857,63.96076541666667,0.24731182795698925,0.7507902132381548,30.572035871317855
2024-03,TAS1,744,69.6460452452957,70.44780583333333,0.04838709677419355,0.17906253304364877,20.434969822366412
2024-03,VIC1,744,51.98901708221326,58.39401375,0.2446236559139785,0.2945569270039727,15.097266323692697
2024-04,NSW1,720,89.83347700578703,87.87901666666667,0.15833333333333333,0.20315166891992315,19.664121885871708
2024-04,QLD1,720,84.80997978472223,87.80243124999998,0.19583333333333333,0.1727263383973388,19.397512541602836
2024-04,SA1,720,92.49986422916668,101.78640208333334,0.22361111111111112,0.6747549698538885,27.56514273434866
2024-04,TAS1,720,73.34911787731481,70.12493916666668,0.018055555555555554,0.15940151626271276,14.506464947589938
2024-04,VIC1,720,84.80005970370371,89.77577291666667,0.19583333333333333,0.24003567554565133,20.216842868157382
2024-05,NSW1,744,273.5614464807348,113.98856875,0.056451612903225805,0.17217085810732413,116.54254521577349
2024-05,QLD1,744,92.68988524305554,90.71777916666667,0.239247311827957,0.16582142166646216,24.23670264766761
2024-05,SA1,744,135.70516684027777,147.93391916666667,0.13844086021505375,0.5519800668005914,25.544623514335374
2024-05,TAS1,744,141.03246420922937,145.63039166666667,0.036290322580645164,0.14790828390701433,28.99448853216619
2024-05,VIC1,744,132.965212749776,137.63921958333333,0.11559139784946236,0.20925280940093516,25.30380995899489
2024-06,NSW1,720,152.74660098495372,123.42172291666665,0.05,0.1358183635248479,26.173297147150045
2024-06,QLD1,720,124.66743899537036,106.49681833333332,0.20833333333333334,0.14521643922478125,24.79207355544535
2024-06,SA1,720,176.68353315162037,176.00636791666665,0.11666666666666667,0.48144835890674237,45.107640670181574
2024-06,TAS1,720,178.2494739085648,162.53377833333334,0.030555555555555555,0.11855877629458582,44.14164753856316
2024-06,VIC1,720,164.22807732986112,158.55836833333333,0.07083333333333333,0.2163278789821946,26.16706874407334
2024-07,NSW1,744,127.1651031966846,89.58245708333334,0.08064516129032258,0.18863386236207141,37.41608310153812
2024-07,QLD1,744,119.0602220094086,94.37933000000001,0.1935483870967742,0.17716484450945164,43.29027059242351
2024-07,SA1,744,241.22063600694443,136.922025,0.1639784946236559,0.6651669779580673,105.37577506708148
2024-07,TAS1,744,180.76319247759855,188.52716625,0.01747311827956989,0.14881874216234367,34.63520643232978
2024-07,VIC1,744,149.13502884856632,135.71045541666666,0.08064516129032258,0.2718018653518892,37.55719351787156
2024-08,NSW1,744,174.44777556563622,98.66262083333334,0.17338709677419356,0.20497702681854266,71.34071510110398
2024-08,QLD1,744,130.10335876680108,101.43295916666666,0.2594086021505376,0.18097729242032298,42.21679657676838
2024-08,SA1,744,149.51917338821684,70.69446083333332,0.40456989247311825,0.8553048604832383,91.46923885480689
2024-08,TAS1,744,128.69271115255378,100.89571458333333,0.1196236559139785,0.2230170410706936,46.884373038450605
2024-08,VIC1,744,143.40095500672044,69.73876583333333,0.353494623655914,0.3739986013480374,58.14045056811167
2024-09,NSW1,720,58.01779064583334,63.75522458333334,0.325,0.2721529837211822,30.021503766635913
2024-09,QLD1,720,49.66436862268519,62.74377166666666,0.38333333333333336,0.19988650956129195,28.09832227887038
2024-09,SA1,720,80.29248276157408,5.35309,0.5333333333333333,1.0136360520655392,61.390165914990405
2024-09,TAS1,720,22.51139220949074,2.5261654166666667,0.4583333333333333,0.2944459253788283,11.989154435940433
2024-09,VIC1,720,17.390636640046296,6.47321,0.5069444444444444,0.4166977418351872,12.364524928620677
2024-10,NSW1,744,77.41028746079749,74.19521041666667,0.28897849462365593,0.2712376099846837,38.53173559138987
2024-10,QLD1,744,70.84923622983871,78.48179916666666,0.3978494623655914,0.21672905464199094,26.587244863062374
2024-10,SA1,744,35.235034203629034,14.640920416666667,0.5147849462365591,1.6904231781823418,53.24417662817973
2024-10,TAS1,744,49.79817858646953,27.404128333333333,0.20430107526881722,0.240481577978227,24.222633888199994
2024-10,VIC1,744,20.36318613015233,10.509672916666666,0.5040322580645161,0.38914478439637346,21.555325768591636
2024-11,NSW1,720,219.67937650578702,110.66999166666668,0.1763888888888889,0.26954259006679104,148.03933705221317
2024-11,QLD1,720,177.48209436226853,112.11242333333334,0.23333333333333334,0.21097222743244065,91.97370258535776
2024-11,SA1,720,60.91157608912037,81.41117125,0.4041666666666667,0.98107782798772,25.968481089178123
2024-11,TAS1,720,95.85595073148149,109.03138375,0.10972222222222222,0.18700782619055617,18.864822955021335
2024-11,VIC1,720,64.08319747337963,84.11648708333334,0.375,0.3108349494011679,23.242489855976146
2024-12,NSW1,744,134.72685068212365,89.94924791666668,0.23655913978494625,0.2937416552728517,69.54015243300387
2024-12,QLD1,744,134.4442778158602,105.02058250000002,0.21774193548387097,0.1773210239383512,54.05466350355481
2024-12,SA1,744,61.465657702732976,60.86036791666667,0.4489247311827957,0.9639163239025718,32.63984898153864
2024-12,TAS1,744,76.1063514079301,77.74910958333334,0.23790322580645162,0.24386808889510944,24.962278533353274
2024-12,VIC1,744,52.25418096662187,59.80214791666666,0.43010752688172044,0.35898405848297643,17.71499486596416
2025-01,NSW1,744,83.33634269937275,75.04259708333333,0.2594086021505376,0.3138159612860846,52.3078381450728
2025-01,QLD1,744,114.01180651209677,86.41420041666666,0.2782258064516129,0.19018147629422918,48.407037076997646
2025-01,SA1,744,48.22231406810035,59.40705083333333,0.41397849462365593,0.7438811129037938,19.509863638346193
2025-01,TAS1,744,113.63420178763441,120.26,0.08602150537634409,0.17095299953116874,11.021641621149051
2025-01,VIC1,744,48.34705378472222,58.18801916666667,0.3817204301075269,0.36183370193187936,15.301796884886667
2025-02,NSW1,672,90.33105302455357,82.74019458333333,0.21875,0.2766506788086469,39.48672606843495
2025-02,QLD1,672,74.90957872023809,83.83978083333334,0.2604166666666667,0.19590693300330783,14.831390994114415
2025-02,SA1,672,91.34459353422619,64.49733833333333,0.40625,0.6999287836088306,76.0626398448297
2025-02,TAS1,672,121.68888242063493,120.08999999999999,0.046130952380952384,0.20251808187807202,15.09140923065616
2025-02,VIC1,672,68.55205183035714,61.503489583333334,0.3541666666666667,0.4190638906973313,25.92372516154855
2025-03,NSW1,744,89.95984550851254,76.78525791666667,0.1922043010752688,0.2650949816751771,45.98910003094394
2025-03,QLD1,744,79.01400107526882,79.83139750000001,0.2271505376344086,0.17247430088667393,21.543930738011596
2025-03,SA1,744,61.78832441756272,71.55607333333333,0.3239247311827957,0.7454421728842285,18.378248978800777
2025-03,TAS1,744,100.04308442204301,117.73563291666667,0.03494623655913978,0.15363115321667054,12.105738287487139
2025-03,VIC1,744,61.74621285842294,65.15903791666666,0.29435483870967744,0.35019360186754755,14.898288370786414
2025-04,NSW1,720,104.06505022685184,94.29091583333334,0.19444444444444445,0.24363469032256824,34.64206735948129
2025-04,QLD1,720,98.4960675625,91.88369791666668,0.24166666666666667,0.20503154000776694,31.579370583084874
2025-04,SA1,720,88.82248891550925,103.18793708333334,0.25,0.588633402989195,19.439436516884037
2025-04,TAS1,720,100.53334985763888,114.41391625,0.002777777777777778,0.1425343979278251,10.641878797094968
2025-04,VIC1,720,74.75526720717592,81.37116291666666,0.25,0.32839785016651385,14.913807344506365
2025-05,NSW1,744,123.01634643257168,85.17967333333334,0.11827956989247312,0.21713705593669982,65.62741046216738
2025-05,QLD1,744,95.62856290882617,85.63309166666667,0.13440860215053763,0.19635367477816204,24.961868938094433
2025-05,SA1,744,83.3105379233871,85.79756041666667,0.2620967741935484,0.6907745347427777,18.18304821007958
2025-05,TAS1,744,103.38857178875448,118.46350083333334,0.04973118279569892,0.18098765659498306,13.385491558548154
2025-05,VIC1,744,78.04753253808244,76.36586208333333,0.24193548387096775,0.31885807173704744,14.533774308507796
2025-06,NSW1,720,256.20367903125,109.78421666666665,0.07361111111111111,0.16890311746987446,79.30782299681209
2025-06,QLD1,720,169.34014052083333,97.420325,0.16111111111111112,0.204209115604912,51.36434501813624
2025-06,SA1,720,250.40482825925926,137.47598291666668,0.18333333333333332,0.6273802497832952,77.65133883317019
2025-06,TAS1,720,219.34140455787036,151.89233416666667,0.019444444444444445,0.15024945528032366,61.19871063519467
2025-06,VIC1,720,264.6019795914352,140.55376583333333,0.09305555555555556,0.32636977420501617,79.87477239794818
