month,region,hours,mean_demand_mw,mean_wind_mw,mean_solar_utility_mw,mean_hydro_mw,mean_renewable_share_ws,mean_renewable_share_broad
2019-07,NSW1,744,8568.510566756271,595.1000137922267,121.26040626467294,219.22567921482974,0.08574246094229589,0.10806626877570319
2019-07,QLD1,744,5935.552457437276,49.74065350806452,263.6680609482527,126.54193180443549,0.0559542542101524,0.07707104062579846
2019-07,SA1,744,1395.967866263441,748.1920952885305,37.735310600358424,0.0,0.6144553153571903,0.6144553153571903
2019-07,TAS1,744,1231.80394937276,180.0725916438172,0.0,1419.8099058540547,0.15023222522420338,1.3050257288851503
2019-07,VIC1,744,5373.512722894266,754.3653728952733,59.413200070564514,314.3293808534946,0.15756219488024983,0.21062582911141603
2019-08,NSW1,744,8401.268990815412,566.4396692380152,158.6429711294803,269.05321718862007,0.08884812522564088,0.11695262061708349
2019-08,QLD1,744,5754.829590053763,74.18531016801076,322.61709326422493,85.72708027217742,0.07310089102117553,0.08775698115882748
2019-08,SA1,744,1409.5233602150536,756.6982607615367,44.92856353270609,0.0,0.6192894784412698,0.6192894784412698
2019-08,TAS1,744,1192.287528001792,145.62027699171148,0.0,1334.9314895369623,0.12675373861784486,1.2410654915898618
2019-08,VIC1,744,5327.356783154122,748.3435400995743,77.84359453405018,275.91396293794804,0.16202452268872006,0.2082471625421716
2019-09,NSW1,720,7487.788684027778,543.1588910565972,184.78986417361114,281.61598090625,0.09946937162860325,0.13416582847955746
2019-09,QLD1,720,5675.142498842592,87.10934915509259,345.2738807340278,83.29852485532408,0.08036981242778282,0.0949832324326578
2019-09,SA1,720,1209.3380324074074,649.1842135012732,56.553762739583334,0.0,0.63164553841166,0.63164553841166
2019-09,TAS1,720,1076.720502314815,135.76057965775465,0.0,1072.7216456042825,0.13083526275584847,1.1248294752896126
2019-09,VIC1,720,4845.308543981481,605.8765345380787,81.49510601851851,240.87196019675926,0.14717413301557433,0.19277829709118535
2019-10,NSW1,744,7203.306993727599,445.15056478584233,209.6156952157258,336.45261685819895,0.0921389250149645,0.13584850026303635
2019-10,QLD1,744,5835.844942876344,83.4148669657258,347.5238860281138,79.6868720250896,0.07642189464389705,0.08940923579233144
2019-10,SA1,744,1126.3901433691758,671.7217212772177,61.60680779569892,0.0,0.6936655452242142,0.6936655452242142
2019-10,TAS1,744,1002.2344097222223,126.69358336603942,0.0,774.2570013934812,0.13146817608269332,0.8916500867744609
2019-10,VIC1,744,4622.431237679211,568.9378314148746,85.39292998879928,116.34883163530466,0.14697740541697685,0.17068917777369927
2019-11,NSW1,720,7410.260914351852,599.8532021844908,249.3888931263889,199.43373968055553,0.11560177823614128,0.14095565653816328
2019-11,QLD1,720,6249.377481481482,90.13783404861111,454.6487558766203,44.7396152488426,0.08851805512874553,0.0948698889114901
2019-11,SA1,720,1111.2706030092593,681.8250943216435,53.63295451388889,0.0,0.7178052214079276,0.7178052214079276
2019-11,TAS1,720,1030.5184780092593,168.39692136747686,0.0,1020.4308614113427,0.1669640198968638,1.1562081841653369
2019-11,VIC1,720,4516.209589120371,667.5206692208333,98.30651701388888,123.94272956018517,0.17005945687011342,0.1945602456868768
2019-12,NSW1,744,7631.589801747312,544.8745698627912,276.5185538249328,136.13370318212367,0.10786815089294187,0.124367875660564
2019-12,QLD1,744,6652.075527553763,81.24059780241936,461.0540165930779,35.861319945116485,0.08168291576820436,0.08643808486378965
2019-12,SA1,744,1348.8322457437275,636.6384599351478,79.62627253808245,0.0,0.6020011162300204,0.6020011162300204
2019-12,TAS1,744,1009.559122983871,142.97552044298834,0.0,1000.2012191367609,0.144374033272511,1.1306300753480008
2019-12,VIC1,744,4597.441170474911,627.7067787122536,100.2202773297491,161.84542507392473,0.16236218058570429,0.1909137543224839
2020-01,NSW1,744,8264.216301523298,465.9409429740144,246.81684005253138,311.406604640457,0.08770158495865568,0.12146448688531802
2020-01,QLD1,744,6941.226804435483,62.725908825044804,346.4064975670923,53.71263042114695,0.05886945034282414,0.06599335971902887
2020-01,SA1,744,1268.798057795699,673.0431345567875,79.19653192204301,0.0,0.6489972511722417,0.6489972511722417
2020-01,TAS1,744,1040.345448028674,127.37360187959229,0.0,821.6081944103943,0.12520186112468923,0.9060676411675599
2020-01,VIC1,744,4765.54492719534,596.6274829467966,92.11865707437276,260.2575049596774,0.1497124076821863,0.19543169004409405
2020-02,NSW1,696,7945.958034003832,542.5948190836925,238.25673759363028,326.225172608956,0.09957445044575226,0.13812434941062826
2020-02,QLD1,696,6952.237347940613,60.012467599377395,365.3892925688458,64.17538769755747,0.06003955973364219,0.06900127207678029
2020-02,SA1,696,1207.5707243773945,478.1180045450191,64.69493055555556,0.0,0.46116863547548437,0.46116863547548437
2020-02,TAS1,696,1024.7374580938697,153.91827990529217,0.0,882.8677808931992,0.15393933317480352,0.997653233496191
2020-02,VIC1,696,4763.386139846743,508.55479907231796,91.19437093510537,233.24939929837166,0.12925889068415766,0.17225608310884938
2020-03,NSW1,744,7342.0152710573475,484.83957160282256,221.75544864896955,271.9510395866935,0.0971191070789865,0.13223581543389612
2020-03,QLD1,744,6307.494047939068,126.28635379480286,381.39915399395164,67.66887925963262,0.08207416830153279,0.09232404384563334
2020-03,SA1,744,1170.3075436827958,649.986428798835,62.9827855062724,0.0,0.6629955791550688,0.6629955791550688
2020-03,TAS1,744,1006.7624081541219,116.14139905745968,0.0,970.6922090828853,0.11900996024102618,1.0718107453652872
2020-03,VIC1,744,4529.694753584229,684.8499578231407,73.77380567988351,126.2077096079749,0.17275599302403338,0.1972024903290845
2020-04,NSW1,720,6926.610148148148,503.9098864253472,176.54772601875,181.76219643981483,0.10013326088654503,0.1244813851738796
2020-04,QLD1,720,5916.365883101851,120.49458837847223,395.20285670960646,50.326847459490736,0.09024205232978741,0.09803067960662266
2020-04,SA1,720,1161.610329861111,593.0915216052083,43.02837811342592,0.0,0.5974014433115741,0.5974014433115741
2020-04,TAS1,720,1093.9124768518518,173.8739967116898,0.0,1293.3124205524305,0.1634288533290466,1.3395958991346621
2020-04,VIC1,720,4485.447137731481,626.4567113862269,57.53168659027778,178.9836800474537,0.15865119369444705,0.19340565998015438
2020-05,NSW1,744,7791.772306227598,511.80079333747756,171.57549444254033,74.37820432011648,0.09119673307954856,0.10006599485245914
2020-05,QLD1,744,5698.720685483871,193.73623249103943,301.49287326758514,75.66242296594982,0.09115780923015183,0.10366988723102714
2020-05,SA1,744,1331.5518391577061,689.8842538956094,36.929250336021504,0.0,0.593808809809184,0.593808809809184
2020-05,TAS1,744,1159.9009968637993,170.94556390557796,0.0,1327.954259906922,0.15209723922520288,1.2914783414822302
2020-05,VIC1,744,4915.829497087814,759.2070255408826,72.1159263015233,511.0469585192652,0.17672326524061385,0.27199346465379687
2020-06,NSW1,720,8491.713856481481,448.2681464664352,137.11396969328703,250.64790828240743,0.07114349823770567,0.09843353330127252
2020-06,QLD1,720,5892.7722280092585,199.09584459375,279.4419643274305,66.31581558796296,0.08445649645460722,0.09472354483006591
2020-06,SA1,720,1509.3304039351851,687.6221026513889,40.348262302083334,0.0,0.5239019089283624,0.5239019089283624
2020-06,TAS1,720,1221.5493090277778,164.0916193721065,0.0,1346.0642403434028,0.13984371677936985,1.2328398014258544
2020-06,VIC1,720,5390.007890046296,577.2694159460649,58.27017017129629,458.9953001851852,0.12479447575014015,0.20127203717535613
2020-07,NSW1,744,8690.302265905018,466.39689415804213,175.37447522300627,215.82719118279567,0.07638433150894933,0.09891191661728795
2020-07,QLD1,744,5925.443519265234,170.6081685875896,296.6457452687052,90.24306888776881,0.08378741221143272,0.09837512947982145
2020-07,SA1,744,1514.5685237455198,502.4886223499104,52.54262943660394,0.0,0.4031508616676803,0.4031508616676803
2020-07,TAS1,744,1246.5529144265233,127.88317589336917,0.0,1317.5781209471327,0.10727269458984544,1.154038574123837
2020-07,VIC1,744,5514.651906362007,603.3073183415098,67.32807933019713,448.160094921595,0.1266175009392427,0.1996703921798929
2020-08,NSW1,744,8300.29727374552,640.2205399893593,196.74076796460574,379.89728940972225,0.10529796068186349,0.14748258848375304
2020-08,QLD1,744,5575.275147849462,150.97217536626343,348.64183041308246,83.28754929771506,0.09644281447647311,0.11044628715271193
2020-08,SA1,744,1417.5509711021507,793.51363131138,56.6721155734767,0.0,0.6452613624761506,0.6452613624761506
2020-08,TAS1,744,1190.1442170698924,163.96390015468188,0.0,947.7356747394714,0.1451662068874787,0.9278677712104042
2020-08,VIC1,744,5144.880787410394,929.2145305505152,62.24352196124552,231.55021013888887,0.20049819334892058,0.23885882208080056
2020-09,NSW1,720,7254.721230324075,624.475492491088,284.88596732708334,239.33011542939812,0.12924314761062924,0.1596698908013937
2020-09,QLD1,720,5522.964324074074,209.6336958935185,362.0912442306713,87.07772561805555,0.1084286348173452,0.12318447439584704
2020-09,SA1,720,1169.3511041666668,833.5998338765046,70.88526388888889,0.0,0.8178788447424239,0.8178788447424239
2020-09,TAS1,720,1130.5529641203705,256.4123891995371,0.0,960.411372291088,0.2324713745208257,1.0671117451923777
2020-09,VIC1,720,4521.1203749999995,939.2586353967592,96.51034691319445,168.10050725810186,0.2368746516321641,0.2695828025137709
2020-10,NSW1,744,6955.319921594982,498.77728871482975,316.92865887253583,202.24875342629926,0.12018095404553256,0.14739916167536585
2020-10,QLD1,744,5673.926882840501,180.97412428315414,367.4381667162859,71.03169659386201,0.10058097853708209,0.11233840949097267
2020-10,SA1,744,1095.2511323924732,665.5048247107975,79.83544466845878,0.0,0.7225224416023759,0.7225224416023759
2020-10,TAS1,744,1087.2572737455196,176.0311019933916,0.0,1008.1330635031362,0.16631882149287203,1.084363593637159
2020-10,VIC1,744,4379.815745967742,852.5427613988576,105.86037014896954,340.22828830533155,0.22604187178599816,0.29833965174817734
2020-11,NSW1,720,7326.470883101852,463.02522402488427,380.7567007185186,352.1430624201389,0.11626043568090358,0.15993051442432027
2020-11,QLD1,720,6171.750465277778,176.24008036226851,475.2467164693287,100.0016850636574,0.10921565451589213,0.12464071855161431
2020-11,SA1,720,1134.0933634259259,726.668916530324,104.06591516203704,0.0,0.7958162333233973,0.7958162333233973
2020-11,TAS1,720,1015.9673912037036,211.41166911817132,0.0,665.7739642412037,0.21178841385903285,0.8551590232738218
2020-11,VIC1,720,4463.328326388889,806.0845175166667,142.21016302662036,203.50485340625,0.21735114521633558,0.25796350675706964
2020-12,NSW1,744,7215.8179413082435,579.8145413653673,410.5734786079749,405.1352796639785,0.13987540917004743,0.19151217746449323
2020-12,QLD1,744,6706.8725280017925,175.85399928875447,409.7868048695116,40.45933208893369,0.08841898875969449,0.09394525685168566
2020-12,SA1,744,1061.9078707437275,698.682271890905,91.01801261648745,0.0,0.8008868039801532,0.8008868039801532
2020-12,TAS1,744,1033.6897031810036,244.12137382370074,0.0,666.5213320817652,0.2410188733067777,0.8757660855345463
2020-12,VIC1,744,4298.732351030466,871.6586339712142,174.0731243940412,124.22831879816309,0.2490472084212602,0.27425118390388714
2021-01,NSW1,744,7570.486887320789,547.2997469923835,409.6525161387769,340.66025856294806,0.1286231416386397,0.1699872070734745
2021-01,QLD1,744,6436.797176299284,191.61437528001792,380.7197031948925,141.2975335327061,0.09097885861456123,0.11277817033375956
2021-01,SA1,744,1185.2130936379929,653.5293523076837,108.55630214717742,0.0,0.708052563232846,0.708052563232846
2021-01,TAS1,744,1034.1874887992833,207.90551800246416,0.0,610.1046339171147,0.204765364373504,0.7860873988266203
2021-01,VIC1,744,4540.211031586021,904.4881935174731,192.68130538082437,288.65611260416665,0.24926267522606776,0.30370691834800145
2021-02,NSW1,672,7469.319844990079,567.0037530912699,426.6893068043155,312.8698226698909,0.13367895397677584,0.17379703060258275
2021-02,QLD1,672,6685.821822916666,141.79692496775792,388.0471945422867,122.70161233878969,0.080033492617542,0.09846992518847178
2021-02,SA1,672,1198.9344469246032,655.9526282984871,96.2930359015377,0.0,0.6661682772621499,0.6661682772621499
2021-02,TAS1,672,1010.5303683035714,194.31383075855655,0.0,705.8942374675099,0.19642760117639724,0.891229044952412
2021-02,VIC1,672,4640.522858382937,782.152418827257,205.8450424826389,316.2736754563492,0.21793151961492457,0.2779481644422121
2021-03,NSW1,744,7320.170527553762,632.333803077509,375.31246334139786,271.8155540109767,0.13851568525896982,0.17334449255158096
2021-03,QLD1,744,6472.664327956989,187.88394408826164,375.77688074775983,113.25481949596775,0.08870869540118013,0.10602392283068265
2021-03,SA1,744,1130.0405129928315,558.4309452031811,78.79313653673836,0.0,0.5892362777513466,0.5892362777513466
2021-03,TAS1,744,1028.0570586917563,220.16111263799283,0.0,837.5018761437051,0.21907720614598833,1.025702624483569
2021-03,VIC1,744,4557.506923163082,688.3373266509857,173.76938186379928,422.4382225749328,0.19328577725229845,0.2798613951303784
2021-04,NSW1,720,7167.312317129629,472.25620681898147,383.61751989189816,236.49150846180555,0.124207889768116,0.15529224976396216
2021-04,QLD1,720,5944.9656724537035,184.78270139699072,308.94581776689813,137.2867842326389,0.08710459362071464,0.10975297918994892
2021-04,SA1,720,1163.9693912037037,433.38919113263887,84.6699724074074,0.0,0.4876933114932919,0.4876933114932919
2021-04,TAS1,720,1114.470809027778,258.82142057939814,0.0,1101.7716565478008,0.2368630055162337,1.212483684171297
2021-04,VIC1,720,4714.150018518519,709.5172708652777,164.91368399652777,346.66161360358797,0.19334010326163573,0.2588883383769388
2021-05,NSW1,744,7847.24551859319,488.9298841590502,317.1614748010753,434.78007528785844,0.10617898414273225,0.1575498135998058
2021-05,QLD1,744,5838.150002240143,205.44624754928313,321.7588650818772,140.842914671819,0.09485777545784306,0.11825399702614327
2021-05,SA1,744,1298.3197524641578,612.4341175277779,56.22741208669354,0.0,0.55191150905007,0.55191150905007
2021-05,TAS1,744,1210.1373252688172,214.842909750448,0.0,1112.5699875897178,0.18111797569415405,1.0862228414591295
2021-05,VIC1,744,4991.735105286739,945.0327496372088,121.1973200201613,319.64765790994625,0.22238822039034267,0.27891514185711036
2021-06,NSW1,720,8814.175975694445,627.807271831713,201.32935781435185,455.19260834375,0.0967680193332788,0.14393167295997333
2021-06,QLD1,720,6031.10419212963,203.28406583449072,288.03715482384257,138.44579615509258,0.08719160654114039,0.1094013412355873
2021-06,SA1,720,1432.8861550925926,738.2297748795138,44.780670740740746,0.0,0.5698125884412371,0.5698125884412371
2021-06,TAS1,720,1277.039079861111,153.07890065752315,0.0,1287.5294095399306,0.12198792048800383,1.1235276801304768
2021-06,VIC1,720,5339.141810185185,944.3992692575232,84.71763937037036,494.9902821365741,0.19738622157896393,0.2839588725113011
2021-07,NSW1,744,8733.674616935485,764.0219923775762,227.34250163676074,270.13002873207887,0.11952098297801801,0.14560189916593752
2021-07,QLD1,744,6075.224409722222,235.53550628248206,345.39382082504477,141.5888218738799,0.10367985285188412,0.12563158765712246
2021-07,SA1,744,1463.583010752688,864.5792085341623,45.43133450940861,0.0,0.6637696067538014,0.6637696067538014
2021-07,TAS1,744,1286.80073140681,220.06262548342295,0.0,1281.323789905242,0.17559404101878776,1.1551979195884954
2021-07,VIC1,744,5576.2413765681,1239.8338208374776,77.03581443212366,377.39653994623654,0.2472330551472938,0.30754735404296063
2021-08,NSW1,744,7806.468239247312,688.4006690452509,350.8849673641353,170.13298919018817,0.13913640823637766,0.15900499889105144
2021-08,QLD1,744,5750.549355958781,241.85213304659496,353.70611542103495,66.29941904905914,0.1111765233197779,0.12122330475984518
2021-08,SA1,744,1320.7136984767026,653.986549249664,62.47308583333333,0.0,0.6000495191727016,0.6000495191727016
2021-08,TAS1,744,1274.2736234318995,253.88823759262993,0.0,1441.4052401622982,0.20447251468550112,1.3289412568821355
2021-08,VIC1,744,5025.770752688172,1164.3289850280019,126.24889095318102,239.71262683870967,0.26917296754955267,0.31114849147628026
2021-09,NSW1,720,7066.364763888889,694.5554344744213,453.71522939305555,194.81995764699076,0.17212953349538346,0.1979713663837279
2021-09,QLD1,720,5668.812704861111,244.10051517592592,336.9047916039352,89.90392812384259,0.10893442816475733,0.12369823206475931
2021-09,SA1,720,1154.9040625,710.5129692363425,70.20579692708334,0.0,0.732689236494029,0.732689236494029
2021-09,TAS1,720,1208.818755787037,240.6403683667824,0.0,1308.9421257868055,0.2034096620902932,1.2750700936929016
2021-09,VIC1,720,4539.541891203704,1094.683251404398,188.03881248842595,265.68828541805556,0.296629418241712,0.34877725832370887
2021-10,NSW1,744,6722.813549507169,638.1824620219534,493.2355626013665,331.1560452139337,0.17566160125597272,0.2226527978706932
2021-10,QLD1,744,5877.890218413978,172.14627453517025,408.55361399148745,110.81797574820787,0.10384071773364656,0.12160431028985651
2021-10,SA1,744,1002.0190434587813,660.1434686040546,73.04875066420252,0.0,0.7955742367884069,0.7955742367884069
2021-10,TAS1,744,1124.6462152777779,217.75664116005825,0.0,1144.980559904122,0.1964460473293687,1.2065391958504075
2021-10,VIC1,744,4339.3526321684585,894.696237002016,225.02142488015232,221.91954132336468,0.26610607045661167,0.31173677494404245
2021-11,NSW1,720,6944.086280092593,677.7254466555556,361.2075537684028,253.16867744907407,0.15355481981486357,0.18905301237860972
2021-11,QLD1,720,6133.5574120370375,210.48101636805555,385.24210981087964,103.74066851967592,0.10061899255142417,0.11637698166952407
2021-11,SA1,720,1013.8875706018517,655.5403112361112,81.5172884224537,0.0,0.9653306278448098,0.9653306278448098
2021-11,TAS1,720,1069.1382685185185,156.72464427152778,0.0,1141.3621306186344,0.14805681236360002,1.2118760346206183
2021-11,VIC1,720,4308.6989606481475,979.0097699679399,198.4461809699074,363.7515062248842,0.2829380045838959,0.35892141341862444
2021-12,NSW1,744,7146.572272625448,507.5394752373432,775.8361126608423,330.67605245743727,0.18355619933014822,0.22669706744691778
2021-12,QLD1,744,6304.377619847671,162.91663429883513,495.1340482825941,94.99554805443549,0.10830905145348757,0.12182632687544599
2021-12,SA1,744,1065.0450728046594,650.8983854506049,117.63835346214157,0.0,0.8837208888066731,0.8837208888066731
2021-12,TAS1,744,1071.576083109319,191.051636312612,0.0,789.7997778912411,0.1819218478212031,0.9076388578453545
2021-12,VIC1,744,4220.544280913979,1023.235808454301,244.7751339000896,222.80053224271956,0.31167270353944543,0.3565424040560706
2022-01,NSW1,744,7623.912866263441,618.0243971283602,719.1395900653001,361.50015611447134,0.1781080225496111,0.22338973094932704
2022-01,QLD1,744,6600.257778897849,194.96879426075267,486.21470770374106,140.73052385528675,0.10640054157325016,0.12571037906744256
2022-01,SA1,744,1312.3653001792115,698.9607179125223,105.41688525761649,0.0,0.682899310128682,0.682899310128682
2022-01,TAS1,744,1091.7399921594983,157.37956384296595,0.0,838.4203559003136,0.1459845948781433,0.9096119085306347
2022-01,VIC1,744,4934.081956765233,1042.9592566360886,237.91168826948925,259.8431258508064,0.267146962255978,0.312140782716839
2022-02,NSW1,672,7528.933838045635,699.8683980848215,739.1543465104166,375.15801994791667,0.19537684728762142,0.24163654681625343
2022-02,QLD1,672,6493.592534722223,215.24098496651789,494.19838164955354,166.97152548611112,0.11351642111913288,0.13821333140297895
2022-02,SA1,672,1275.660394345238,751.7757943315971,110.92035558035715,0.0,0.7268411293774715,0.7268411293774715
2022-02,TAS1,672,1112.8052814980158,184.37318521540178,0.0,783.1443296918402,0.1684298628969641,0.8682898264813381
2022-02,VIC1,672,4501.828953373016,996.0879127234623,256.24285330357145,162.1693367468998,0.285234347234161,0.31664080388679144
2022-03,NSW1,744,7351.063167562725,633.7864346301524,630.1528120092966,289.2194862903226,0.17271158394848646,0.21058220313510406
2022-03,QLD1,744,6584.784227150538,168.2642359139785,455.02735597961464,148.160925281138,0.09794665085993769,0.11906698410843249
2022-03,SA1,744,1261.3318806003585,664.0990463664874,102.16454367943548,0.0,0.6513717928457576,0.6513717928457576
2022-03,TAS1,744,1113.598629032258,154.3863571141353,0.0,869.0210094633736,0.1406667320798316,0.9137085280109776
2022-03,VIC1,744,4634.668648073477,893.8491260371865,183.64666156250001,214.92764383736562,0.24093368852017977,0.28227305200782327
2022-04,NSW1,720,7065.3326215277775,640.6544236390047,498.98622926944444,260.6012312141204,0.16620367518143886,0.1995177933112853
2022-04,QLD1,720,5931.325930555556,234.46276590046295,368.63678825358795,127.99889836342592,0.10755106266548889,0.12751426267127325
2022-04,SA1,720,1223.3847881944444,635.0844251620371,75.3565051712963,0.0,0.6161756364673275,0.6161756364673275
2022-04,TAS1,720,1136.1765439814815,152.54968180011574,0.0,948.2852177763888,0.13873724501121115,0.9643338247005053
2022-04,VIC1,720,4489.827722222222,855.7582163129629,135.2133542048611,205.33135073402778,0.22933658377113164,0.2712613606436402
2022-05,NSW1,744,7810.087544802868,694.6462428525986,406.8719263313172,604.2721824966397,0.14453083592077423,0.21743138585223262
2022-05,QLD1,744,6001.4466218638,214.5121651926523,306.1826013102599,151.94293025313618,0.09002731965794503,0.11453123519083824
2022-05,SA1,744,1381.7528819444444,673.776001983647,62.162541462813614,0.0,0.5532709093675664,0.5532709093675664
2022-05,TAS1,744,1206.259975358423,202.35955323655912,0.0,1267.4460374109544,0.17757887347857712,1.220145628232796
2022-05,VIC1,744,5161.722589605734,877.6216846666667,127.1979202016129,522.7052529323477,0.2048297709929826,0.2984652833935574
2022-06,NSW1,720,8840.95841550926,786.5649473189815,324.6377084855324,598.2524615532408,0.130854494157629,0.19467103543559483
2022-06,QLD1,720,5980.7418518518525,226.25713622685183,370.29929014270834,161.72300215393517,0.10909864083312672,0.1343223184144902
2022-06,SA1,720,1581.96921875,785.0605518194444,51.70959503935185,0.0,0.5455224104658671,0.5455224104658671
2022-06,TAS1,720,1298.778236111111,265.2186596724537,0.0,1346.5547095597221,0.21127392041612175,1.2356165900673315
2022-06,VIC1,720,5593.216484953704,1511.8322658194445,87.68152223032408,512.1937237091436,0.29496255830094686,0.380601108241352
2022-07,NSW1,744,8905.46863015233,828.6989474818548,417.7440200866936,521.4759738776881,0.14485344343252818,0.20031631657105406
2022-07,QLD1,744,6099.522818100359,238.29720340837812,388.8871055282258,192.94285744287635,0.11459004580992858,0.143839166035855
2022-07,SA1,744,1622.7227609767024,781.6981568189965,61.58587115143369,0.0,0.5428544513355162,0.5428544513355162
2022-07,TAS1,744,1298.1151512096774,176.48304583702955,0.0,1201.8707254924955,0.14068313568511887,1.0517149632249418
2022-07,VIC1,744,5598.433766801076,1223.2193173389337,136.35314049619174,449.6843720453629,0.2545719462760707,0.32897229735621886
2022-08,NSW1,744,8248.450435707886,816.8061449801746,455.1505962592966,288.1266631485215,0.16292401184903388,0.19468855727129894
2022-08,QLD1,744,5751.141950044802,237.12733917674728,420.5352600221774,134.9154732157258,0.12652910915327042,0.1471909379574125
2022-08,SA1,744,1532.5643369175627,935.7564218537186,64.68174167674731,0.0,0.6737837820991638,0.6737837820991638
2022-08,TAS1,744,1233.8617417114697,240.99849787007167,0.0,1054.6261921215278,0.20232011460922497,1.0550907991527874
2022-08,VIC1,744,5256.687184139785,1468.0847986920921,138.4811105454749,528.0737415632841,0.3161904469649012,0.4079708881814828
2022-09,NSW1,720,7516.1221493055555,666.1492681795139,523.5212510744213,317.69712742708333,0.16903354461572784,0.20760810992806186
2022-09,QLD1,720,5598.927138888889,205.69827578125,499.83913357870375,146.02553452199072,0.13842881975191526,0.16220734528304168
2022-09,SA1,720,1356.5583472222222,802.2667871990741,81.21890601157408,0.0,0.6804764810422572,0.6804764810422572
2022-09,TAS1,720,1169.6304456018518,179.70752603055556,0.0,1022.363470181713,0.15738050161704378,1.0261593824755835
2022-09,VIC1,720,4868.233109953704,1236.0267916476853,166.7265707523148,522.1203361695601,0.2977826956932703,0.39639068690965307
2022-10,NSW1,744,7052.456814516129,699.2688126457214,537.843324546483,339.8239262018369,0.18330011980846503,0.2290596351533199
2022-10,QLD1,744,5742.941307123657,234.1571040546595,533.4372406587142,92.268518125,0.14298324430640255,0.15783900112968705
2022-10,SA1,744,1137.5924910394265,715.1572457403673,74.05962373543908,0.0,0.7743464561999692,0.7743464561999692
2022-10,TAS1,744,1146.4162231182797,158.15030193089157,0.0,897.3779417524642,0.13998231718439272,0.9164792462936658
2022-10,VIC1,744,4446.702657930107,1071.9158661327285,148.4227376937724,429.52550577284944,0.2805805622503789,0.3719894603593811
2022-11,NSW1,720,6617.120862268518,660.8022810383102,726.6714069085648,473.1316356342592,0.2213140883509612,0.28853820637024047
2022-11,QLD1,720,5659.444931712963,227.36463165046297,656.975569042361,90.07333103009259,0.1730039396234062,0.1869927752276739
2022-11,SA1,720,1133.1898599537037,700.2840422673611,96.66190249305556,0.0,0.7455784130011427,0.7455784130011427
2022-11,TAS1,720,1076.233318287037,196.15760930011572,0.0,935.2104859976852,0.18366679025714644,1.0457736465493053
2022-11,VIC1,720,4337.487594907408,1092.8041328141203,194.46796103703704,383.92555170312494,0.30121078827939496,0.385247622059926
2022-12,NSW1,744,6721.0554984319,628.9772721290323,878.6782163146281,407.1075003976254,0.23438811143508248,0.29179376400117174
2022-12,QLD1,744,5736.494183467742,219.69672421931006,730.160281421371,91.96087822580645,0.1775087117593463,0.19212078344602262
2022-12,SA1,744,1135.0044914874552,800.3580668212367,117.23776051635303,0.0,0.9062833559462015,0.9062833559462015
2022-12,TAS1,744,1082.546398969534,169.32005586794355,0.0,725.1566646351927,0.1601247941060351,0.8231362345635831
2022-12,VIC1,744,4239.377143817204,1089.6046004922714,239.62770169242833,213.8523561106631,0.31668923994895515,0.36103143406294236
2023-01,NSW1,744,7319.43070452509,606.3783074714381,849.387539359095,468.96140412858426,0.2044267227998098,0.26485495660636893
2023-01,QLD1,744,6225.333487903226,213.55777561939965,668.8362121638664,185.82382324708783,0.15098935226339877,0.1795713902657472
2023-01,SA1,744,1250.2762656810035,786.5318368682796,127.31652755824372,0.0,0.7993327577167902,0.7993327577167902
2023-01,TAS1,744,1082.77323140681,153.23801679289875,0.0,673.4973658976254,0.14640030291843883,0.7617878224137236
2023-01,VIC1,744,4562.665464829749,993.4092488548387,260.0774968268369,207.9679696519937,0.28257144305106807,0.32105241974264415
2023-02,NSW1,672,7643.7871974206355,683.8380061686507,905.6079242621529,242.11719480158732,0.21283530770652742,0.24224157816013264
2023-02,QLD1,672,6577.134366319444,260.43472850942464,696.8441913823165,175.5962027715774,0.1529885397079321,0.17882445821223705
2023-02,SA1,672,1302.1036867559524,749.3000404910714,142.2525373673115,0.0,0.7693778955358995,0.7693778955358995
2023-02,TAS1,672,1096.585142609127,172.46094806125993,0.0,658.0573846736111,0.15882900500620406,0.7523433611432915
2023-02,VIC1,672,4583.494661458333,1160.735940047867,259.494965499752,268.634322265997,0.3148005374501624,0.3661570606611079
2023-03,NSW1,744,7609.466500896058,661.0804442523522,696.554255406922,356.373158296371,0.18171592993683014,0.22575487734477456
2023-03,QLD1,744,6657.897055331541,189.8050077217742,607.1797203788083,176.49640099126344,0.12581178422030156,0.15167543470478118
2023-03,SA1,744,1166.760458109319,601.4009022267026,111.22636458557348,0.0,0.674538634801455,0.674538634801455
2023-03,TAS1,744,1074.6180667562724,211.7585902824821,0.0,785.9350805366263,0.20245251695837052,0.922025411446452
2023-03,VIC1,744,4435.475123207885,1037.0015535252016,192.28412766241038,246.83568136671147,0.28543171234858683,0.33572672939565595
2023-04,NSW1,720,6928.495931712963,592.2777123700232,575.4396733212963,287.32255916898146,0.17803939517014145,0.21543278446613986
2023-04,QLD1,720,5900.143978009259,239.56571052546295,631.4905928527778,185.9985857951389,0.1601118470182628,0.19055460720793538
2023-04,SA1,720,1172.7734074074074,654.6593194618056,95.59655346064814,0.0,0.6851663191210164,0.6851663191210164
2023-04,TAS1,720,1136.6338101851852,186.76735922210645,0.0,995.5929257762732,0.16739097080128518,1.030159698782734
2023-04,VIC1,720,4391.520255787037,976.3012974756945,188.24334299074076,189.23203726400462,0.277824687985786,0.31618326753450576
2023-05,NSW1,744,7976.602829301075,621.0862651633064,467.20531906182794,499.1899225291219,0.14439656698071665,0.2020795194405271
2023-05,QLD1,744,5903.437487679212,332.6522038676075,622.9101043651434,136.58122807571684,0.18017826024384934,0.20186907845958013
2023-05,SA1,744,1443.0731552419354,579.3628399249552,77.66976470094086,0.0,0.4848115876599763,0.4848115876599763
2023-05,TAS1,744,1243.3538754480287,258.89392295418907,0.0,1165.7984605901656,0.21462765240403112,1.1366415330781119
2023-05,VIC1,744,5168.410743727599,1242.1613547858424,127.49723663306452,261.10534194209225,0.2754448934001873,0.32017182324804766
2023-06,NSW1,720,8467.98729050926,787.8920969928241,408.84633124803236,489.6377770520833,0.15097847487416255,0.2042548873973994
2023-06,QLD1,720,5997.448050925926,314.9256432916667,512.6413891853009,101.65349074652778,0.1514065006171807,0.1669807466811972
2023-06,SA1,720,1536.5395821759262,1007.9610733263888,56.1341280300926,0.0,0.7177962187191806,0.7177962187191806
2023-06,TAS1,720,1272.3426273148148,265.6751491798611,0.0,1228.1253479528934,0.21474810793990015,1.1657842554631705
2023-06,VIC1,720,5328.814539351852,1890.5100366324073,91.04630400578702,359.97963611550927,0.39091312265529965,0.4505846963798411
2023-07,NSW1,744,8197.766125672042,700.7712612791219,494.2729723202285,436.51791579077064,0.15745426009248328,0.20656269989502726
2023-07,QLD1,744,6015.096818996416,327.00270377240145,540.9524733858647,98.3309913407258,0.15854248934225354,0.17365453228113237
2023-07,SA1,744,1539.0534150985661,831.4396571023744,70.97413858198924,0.0,0.615919657330585,0.615919657330585
2023-07,TAS1,744,1234.3997849462364,320.00576869086024,0.0,1280.4338933560707,0.26757156213544264,1.2947824517242852
2023-07,VIC1,744,5315.066038306451,1680.2703038640232,119.22963343077957,481.255983703517,0.3563832083013319,0.439282416421796
2023-08,NSW1,744,7746.870593637993,556.9790828086917,667.4366405404346,438.55828075156813,0.172161799497733,0.22383593336149787
2023-08,QLD1,744,5664.342325268818,347.10850880152327,661.584639374776,141.0459017204301,0.19749981837229363,0.22134086985134765
2023-08,SA1,744,1371.1145150089606,611.2118568089157,86.56893167674731,0.0,0.5586912585885104,0.5586912585885104
2023-08,TAS1,744,1197.1305163530465,231.64562774484764,0.0,1222.5857424246192,0.20081663036861633,1.2091671220417926
2023-08,VIC1,744,5112.524318996416,1279.442566812836,144.30437151657708,372.01771612253583,0.29130529723949694,0.35691010305192383
2023-09,NSW1,720,6890.2176828703705,633.7818922075231,903.3808545410878,237.51618523842595,0.24528338375753983,0.27706021173728146
2023-09,QLD1,720,5498.163733796296,391.9694485868056,655.0592190145834,168.48181412037036,0.20895114297650844,0.23676123588914094
2023-09,SA1,720,1107.755425925926,645.1577413518519,98.39630653125,0.0,0.8585149220156394,0.8585149220156394
2023-09,TAS1,720,1100.4990138888888,240.58630223414355,0.0,996.9814318255786,0.22458508218995357,1.1129991294497308
2023-09,VIC1,720,4372.302096064815,1214.738755345023,153.5850638263889,273.4403465171296,0.32074845097756566,0.3748375298325854
2023-10,NSW1,744,6531.689951836917,773.7072664170026,761.0995416592741,311.1095914717742,0.25417555990021284,0.29785566338726305
2023-10,QLD1,744,5594.339691980287,329.23371815860213,772.2210568723118,160.38982084901434,0.21609837702779883,0.24235833684321753
2023-10,SA1,744,1081.7471326164875,808.2602420743729,98.26395368727599,0.0,1.0721775147839316,1.0721775147839316
2023-10,TAS1,744,1077.928486783154,237.78206613485662,0.0,788.9798937741934,0.22284778658705448,0.9432514265324926
2023-10,VIC1,744,4255.306311603943,1351.8401089354838,162.32194256944445,261.06008510360664,0.36434313435000143,0.41899953441131293
2023-11,NSW1,720,6931.272277777778,615.0067548769675,947.2410962770833,458.31796404166664,0.23823200699640634,0.301070795643688
2023-11,QLD1,720,6036.078399305556,331.63927070023146,764.6263234706018,126.7277009224537,0.19494134038837682,0.2144448483287476
2023-11,SA1,720,1056.1001840277777,658.5331241898148,110.81177450462962,0.0,0.8792389942897967,0.8792389942897967
2023-11,TAS1,720,1082.0474849537038,145.23651476087963,0.0,716.7518864527779,0.13669052938514573,0.7930486593688836
2023-11,VIC1,720,4165.864134259259,1074.1646494383103,224.61175615972223,223.91519513263887,0.3167356229723348,0.36449132578978777
2023-12,NSW1,744,7375.250356182795,675.0498949340277,1046.4713469550852,350.49599789762544,0.24521355360626546,0.28883763551708647
2023-12,QLD1,744,6602.169158826166,291.45685003360217,872.2433207351031,164.19460524641576,0.18585225375290632,0.20925227127438178
2023-12,SA1,744,1103.1570418906808,708.6687453517025,101.86352161178314,0.0,0.900837094576221,0.900837094576221
2023-12,TAS1,744,1062.462357750896,161.50175946202958,0.0,645.4574370526434,0.15448822479333152,0.7555288525131187
2023-12,VIC1,744,4015.353336693548,1269.4114887217743,202.01960518929212,209.88032664975358,0.37314564512606274,0.4176017055582931
2024-01,NSW1,744,7616.089781586022,772.9650442251344,1042.0743307598566,271.3968641532258,0.24431017186964388,0.27602287382539564
2024-01,QLD1,744,7075.272542562724,275.02859179995517,825.6662058654794,145.42897264112904,0.16202720714749316,0.18182615033069469
2024-01,SA1,744,1203.8363597670252,709.0142142573925,138.9151844970878,0.0,0.8089905623618343,0.8089905623618343
2024-01,TAS1,744,1033.1651254480287,206.75366659319,0.0,585.6098983333333,0.2050591354595045,0.7649916781239438
2024-01,VIC1,744,4221.447395833333,1079.7317475085124,249.17529992943548,223.47260887488798,0.32075124787811776,0.3668194588554461
2024-02,NSW1,696,7887.90206657088,718.6076699595307,1041.259155068726,307.11609657327585,0.23240196118075956,0.2663935895914702
2024-02,QLD1,696,7021.816018917624,235.2024633836207,797.8883677165949,153.2962541630747,0.15425316787817006,0.1753201470139006
2024-02,SA1,696,1252.242337164751,699.7646153400383,149.3203158908046,0.0,0.7578178187889398,0.7578178187889398
2024-02,TAS1,696,1080.7531896551723,189.52003849712642,0.0,689.875784871887,0.17826074672091602,0.8056987981406987
2024-02,VIC1,696,4546.77029454023,1044.5446507684387,275.59594610991377,310.8683143123803,0.29412687717358466,0.35450473721362163
2024-03,NSW1,744,7286.72655577957,659.1460197010529,900.6400350145609,250.96086073364694,0.22335213051708355,0.25513009977043893
2024-03,QLD1,744,6525.8468077956995,398.49248709341396,689.3673679575493,150.95565309139786,0.17680655592406233,0.19921095029814942
2024-03,SA1,744,1323.1786368727599,700.216461843638,144.7519182515681,0.0,0.7507902132381548,0.7507902132381548
2024-03,TAS1,744,1080.8446650985663,188.59587698924733,0.0,673.0739516563619,0.17906253304364877,0.7891078014711659
2024-03,VIC1,744,4474.435852374551,1031.6553759553092,245.4100888452061,277.8508746863799,0.2945569270039727,0.34750143423893576
2024-04,NSW1,720,6937.607252314815,586.9398100761574,729.4515896015047,229.81307387847224,0.20315166891992315,0.23277409162628654
2024-04,QLD1,720,6091.538273148148,329.3874510868055,641.8786769714121,165.3685623761574,0.1727263383973388,0.19882018719854078
2024-04,SA1,720,1192.9524409722221,557.4245230787037,123.90820832638889,0.0,0.6747549698538885,0.6747549698538885
2024-04,TAS1,720,1119.9990300925926,176.1539636809028,0.0,920.1324360835649,0.15940151626271276,0.9646564618251589
2024-04,VIC1,720,4577.392924768518,888.773064346875,177.15821330439815,227.0073196099537,0.24003567554565133,0.28515324274842707
2024-05,NSW1,744,7749.012010528673,679.7409737357751,577.1481755198253,266.5739525795251,0.17217085810732413,0.20333765162218517
2024-05,QLD1,744,5975.042463037635,418.37925700492826,512.337911952733,159.4028286906362,0.16582142166646216,0.19136869953865687
2024-05,SA1,744,1317.7771538978495,549.4501228416219,105.86915825716845,0.0,0.5519800668005914,0.5519800668005914
2024-05,TAS1,744,1216.4569321236559,173.7513664343638,0.0,820.148058672043,0.14790828390701433,0.8041727161521752
2024-05,VIC1,744,5163.751460573477,881.3143708058916,153.85705881496415,316.2279202736335,0.20925280940093516,0.26520773903935757
2024-06,NSW1,720,8665.770417824075,618.5225218733796,481.9779179916667,276.2161386423611,0.1358183635248479,0.16350235903838037
2024-06,QLD1,720,6094.44521875,228.1723024861111,550.1110331284722,157.0906438553241,0.14521643922478125,0.1696147090416327
2024-06,SA1,720,1600.6999780092592,680.9920516597222,70.87355406365741,0.0,0.48144835890674237,0.48144835890674237
2024-06,TAS1,720,1301.7530706018517,149.27044223472222,0.0,924.2970369998843,0.11855877629458582,0.8124542947147834
2024-06,VIC1,720,5748.98471412037,1051.933226335301,129.53993191319444,359.62939061018517,0.2163278789821946,0.27351781000293784
2024-07,NSW1,744,8646.994557571685,1008.010456077957,525.8764121510977,333.47469461469535,0.18863386236207141,0.2221187699499686
2024-07,QLD1,744,6108.990510752688,387.4279798241488,574.9439877521281,180.60576369735665,0.17716484450945164,0.20527418004709047
2024-07,SA1,744,1591.1676803315413,924.82780078181,83.22969843077956,0.0,0.6651669779580673,0.6651669779580673
2024-07,TAS1,744,1342.1826377688171,190.38223944130826,0.0,749.8530470767249,0.14881874216234367,0.6937115655012499
2024-07,VIC1,744,5918.832144937276,1419.3280702096774,121.12663288978494,435.0624344491487,0.2718018653518892,0.3393881926200457
2024-08,NSW1,744,7709.249952956989,757.0759468491264,649.5393149511649,377.9338594545251,0.20497702681854266,0.24826517362358963
2024-08,QLD1,744,5832.148897849463,320.16573777105737,623.1483708005152,173.44992117271505,0.18097729242032298,0.20794152911750477
2024-08,SA1,744,1362.9546292562723,953.6260094489248,92.63149102710574,0.0,0.8553048604832383,0.8553048604832383
2024-08,TAS1,744,1240.3849238351254,270.66831575739246,0.0,667.7414241946684,0.2230170410706936,0.7518709787426539
2024-08,VIC1,744,5004.991294802868,1644.0338769491489,137.8218970015681,279.8278544109543,0.3739986013480374,0.4230244854634928
2024-09,NSW1,720,6718.589931712963,1003.9137349454861,657.4398419981482,278.0616080532408,0.2721529837211822,0.308778756575664
2024-09,QLD1,720,5514.659402777777,340.01030448032407,653.0332836637732,168.43864169444444,0.19988650956129195,0.22730161882044295
2024-09,SA1,720,1221.0816377314816,887.9830196446759,103.53794548032407,0.0,1.0136360520655392,1.0136360520655392
2024-09,TAS1,720,1137.605144675926,331.97178279537036,0.0,960.5110838908565,0.2944459253788283,1.1362108594219553
2024-09,VIC1,720,4651.173326388889,1694.7898117738428,162.31606443055557,204.5568909814815,0.4166977418351872,0.4536287234540874
2024-10,NSW1,744,6467.629466845878,709.1873974007617,880.9563203862008,336.5745040905018,0.2712376099846837,0.31893170576070545
2024-10,QLD1,744,5623.78613687276,363.74208851030465,748.6177290024642,187.64119420250896,0.21672905464199094,0.24730175582801903
2024-10,SA1,744,1005.1198700716847,720.7479271931004,84.34381349798387,0.0,1.6904231781823418,1.6904231781823418
2024-10,TAS1,744,1061.0685808691755,250.94212741162636,0.0,877.9384984597893,0.240481577978227,1.05496801897768
2024-10,VIC1,744,4139.173604390681,1335.0214086331766,234.30967778785842,292.30792684363803,0.38914478439637346,0.4504371280199045
2024-11,NSW1,720,7048.409642361111,773.6793605361111,1007.5068533606482,518.5847255127314,0.26954259006679104,0.3371825581833439
2024-11,QLD1,720,6210.053288194444,379.2008360983797,822.1482671159722,148.83274828472221,0.21097222743244065,0.2326788257538237
2024-11,SA1,720,1092.6084386574073,666.1350952187499,112.25981963425926,0.0,0.98107782798772,0.98107782798772
2024-11,TAS1,720,1079.1663483796297,197.42476394525463,0.0,737.8303511266204,0.18700782619055617,0.8621930020292543
2024-11,VIC1,720,4242.108414351852,1040.767562686574,234.11735891550924,379.45437366666664,0.3108349494011679,0.39141016027118586
2024-12,NSW1,744,7232.575283378136,713.7644454550851,1254.963443172715,260.54020276993725,0.2937416552728517,0.32531573752553544
2024-12,QLD1,744,6593.760701164875,247.6140701467294,843.5421101003585,177.9596596998208,0.1773210239383512,0.20305037115786645
2024-12,SA1,744,1133.6667820340501,686.5165358490143,125.29693367607527,0.0,0.9639163239025718,0.9639163239025718
2024-12,TAS1,744,974.4090938620072,235.09743658075718,0.0,682.1241451090949,0.24386808889510944,0.9337104135064725
2024-12,VIC1,744,4104.246321684587,1154.8086503681675,284.79344921818995,240.31123398521504,0.35898405848297643,0.4084607413225304
2025-01,NSW1,744,7230.108580869176,921.8026831234318,1249.2308852111335,190.41764128472224,0.3138159612860846,0.33726451620648584
2025-01,QLD1,744,6716.714975358423,313.11234191756273,890.6691033716397,165.87817587365592,0.19018147629422918,0.2134290569667458
2025-01,SA1,744,1252.5362623207884,713.8565892148298,126.25765645049283,0.0,0.7438811129037938,0.7438811129037938
2025-01,TAS1,744,968.2850347222221,161.83659748342293,0.0,569.7817066631944,0.17095299953116874,0.7496905635610152
2025-01,VIC1,744,4408.26153001792,1230.6080278795923,313.6156680925179,238.1579387107975,0.36183370193187936,0.40671092438607237
2025-02,NSW1,672,7493.394672619047,760.5561593483383,1210.118540826265,251.78090337921626,0.2766506788086469,0.30609760527332464
2025-02,QLD1,672,6656.723762400793,394.9614129761905,826.654049280382,163.66381297247023,0.19590693300330783,0.21857717261234125
2025-02,SA1,672,1400.156318204365,757.8572819791667,125.07906859871032,0.0,0.6999287836088306,0.6999287836088306
2025-02,TAS1,672,988.9661334325398,196.35415638033234,0.0,570.7731409647818,0.20251808187807202,0.7672026238779285
2025-02,VIC1,672,4829.711222718254,1525.09002743874,374.960543453621,311.4287434561012,0.4190638906973313,0.47361443739855535
2025-03,NSW1,744,7584.3777531362,991.419769248432,950.4702781758513,205.11060193324374,0.2650949816751771,0.28928634761542665
2025-03,QLD1,744,6648.47079077061,416.85552401433694,674.4272598008513,151.33845413978494,0.17247430088667393,0.19410733060872518
2025-03,SA1,744,1344.749299955197,777.9988104177868,117.33967311827956,0.0,0.7454421728842285,0.7454421728842285
2025-03,TAS1,744,1032.2785427867384,155.86084335898298,0.0,632.9301256032705,0.15363115321667054,0.7577866315073459
2025-03,VIC1,744,4683.470196012545,1243.935543219198,313.41893071012544,297.91509944668456,0.35019360186754755,0.40707865812379707
2025-04,NSW1,720,6783.956982638889,685.213294019213,852.0291544618055,263.7385052048611,0.24363469032256824,0.27841485245691644
2025-04,QLD1,720,6044.293491898148,378.91970059259256,745.7493879164352,163.16960125694445,0.20503154000776694,0.22973898243848975
2025-04,SA1,720,1260.5223831018518,533.0766877152778,112.88011978356481,0.0,0.588633402989195,0.588633402989195
2025-04,TAS1,720,1069.0658564814814,150.45427420335648,0.0,704.6361874966435,0.1425343979278251,0.7903003038196652
2025-04,VIC1,720,4456.8268356481485,1137.5356560538194,237.37599652199071,293.7010173240741,0.32839785016651385,0.38845188675105735
2025-05,NSW1,744,7620.849046818996,857.5913504212589,705.6761668710798,380.2250988832885,0.21713705593669982,0.2629661679328241
2025-05,QLD1,744,5937.830909498208,465.82095088373654,599.9140537413755,203.67364060035842,0.19635367477816204,0.22839313046565723
2025-05,SA1,744,1365.5113709677419,733.6842165546595,101.6156214829749,0.0,0.6907745347427777,0.6907745347427777
2025-05,TAS1,744,1138.6434296594982,198.1844174782706,0.0,698.9104631801075,0.18098765659498306,0.7743789537533351
2025-05,VIC1,744,5035.513665994624,1261.1525868332214,205.51071206317204,399.1841378393817,0.31885807173704744,0.38957875839537526
2025-06,NSW1,720,8817.56165162037,770.9397101752314,602.4689271773148,460.9766912824074,0.16890311746987446,0.21593980489044726
2025-06,QLD1,720,6266.460877314816,557.317717068287,598.9194241185185,176.48074090625,0.204209115604912,0.23038612010415427
2025-06,SA1,720,1627.852133101852,906.8838156979167,76.72127540856482,0.0,0.6273802497832952,0.6273802497832952
2025-06,TAS1,720,1209.422582175926,178.407894478125,0.0,903.4020373648149,0.15024945528032366,0.8792377147217693
2025-06,VIC1,720,5869.30558912037,1660.4350141609955,149.67237456018518,369.9338312337963,0.32636977420501617,0.38622570249622085
