model,family,outcome,contrast,estimate,std_error,t_stat,p_value,ci_lower,ci_upper,nobs,week_clusters,sample_flag,p_value_holm,holm_family
heterogeneity_region_price_asinh,heterogeneity_region,price_asinh,NSW1,0.376480542346596,0.0320497585527855,11.746751281340762,1.213546430450171e-26,0.3134203341868588,0.4395407505063333,210399,314,headline_sample,2.427092860900342e-26,heterogeneity_region__price_asinh
heterogeneity_region_price_asinh,heterogeneity_region,price_asinh,VIC1,-0.4812590208571177,0.0192267459836688,-25.030705729710988,1.0785486730271189e-76,-0.519089028280346,-0.4434290134338895,210399,314,headline_sample,4.3141946921084756e-76,heterogeneity_region__price_asinh
heterogeneity_region_price_asinh,heterogeneity_region,price_asinh,QLD1,-0.1897774225617202,0.0460875619219467,-4.117757907938908,4.9001357381409175e-05,-0.2804580198456629,-0.0990968252777776,210399,314,headline_sample,4.9001357381409175e-05,heterogeneity_region__price_asinh
heterogeneity_region_price_asinh,heterogeneity_region,price_asinh,SA1,-0.2830199215026243,0.0118546440627753,-23.874181291645147,1.8186886368938432e-72,-0.3063447874615048,-0.2596950555437437,210399,314,headline_sample,5.456065910681529e-72,heterogeneity_region__price_asinh
heterogeneity_region_negative_price_any,heterogeneity_region,negative_price_any,NSW1,-0.0176921684514441,0.0041570355983716,-4.255957889409087,2.754003147085692e-05,-0.0258714353788066,-0.0095129015240816,210399,314,headline_sample,2.754003147085692e-05,heterogeneity_region__negative_price_any
heterogeneity_region_negative_price_any,heterogeneity_region,negative_price_any,VIC1,0.0678976447640437,0.0024500660278289,27.712577535801785,3.0710169170515972e-86,0.0630769634017947,0.0727183261262927,210399,314,headline_sample,1.2284067668206389e-85,heterogeneity_region__negative_price_any
heterogeneity_region_negative_price_any,heterogeneity_region,negative_price_any,QLD1,0.0462390868960803,0.005683097928672,8.136246722548506,9.696173898219964e-15,0.0350571824276273,0.0574209913645333,210399,314,headline_sample,1.9392347796439928e-14,heterogeneity_region__negative_price_any
heterogeneity_region_negative_price_any,heterogeneity_region,negative_price_any,SA1,0.0342942915074218,0.0012876533206282,26.633171334259583,1.9255091313569597e-82,0.0317607408629555,0.036827842151888,210399,314,headline_sample,5.776527394070879e-82,heterogeneity_region__negative_price_any
heterogeneity_region_intrahour_price_sd_asinh,heterogeneity_region,intrahour_price_sd_asinh,NSW1,0.0204019268786306,0.0072722727242295,2.8054402870035737,0.0053392643721805,0.0060932065483667,0.0347106472088945,210399,314,headline_sample,0.0053392643721805,heterogeneity_region__intrahour_price_sd_asinh
heterogeneity_region_intrahour_price_sd_asinh,heterogeneity_region,intrahour_price_sd_asinh,VIC1,-0.0287167521800472,0.0054420941801171,-5.276783390659604,2.460662643219632e-07,-0.0394244644162523,-0.0180090399438422,210399,314,headline_sample,7.381987929658895e-07,heterogeneity_region__intrahour_price_sd_asinh
heterogeneity_region_intrahour_price_sd_asinh,heterogeneity_region,intrahour_price_sd_asinh,QLD1,-0.1033704367398124,0.0110898351481572,-9.321187858864503,2.13995736988047e-18,-0.1251904860780371,-0.0815503874015878,210399,314,headline_sample,8.55982947952188e-18,heterogeneity_region__intrahour_price_sd_asinh
heterogeneity_region_intrahour_price_sd_asinh,heterogeneity_region,intrahour_price_sd_asinh,SA1,-0.0212144060278264,0.0045301294859843,-4.68295798022136,4.219850781461246e-06,-0.0301277620490968,-0.0123010500065559,210399,314,headline_sample,8.439701562922492e-06,heterogeneity_region__intrahour_price_sd_asinh
heterogeneity_peak_price_asinh,heterogeneity_peak,price_asinh,off_peak,-0.2800885845355559,0.0128298291728371,-21.83104550827137,7.4385535558324e-65,-0.3053321974308133,-0.2548449716402986,210399,314,headline_sample,1.48771071116648e-64,heterogeneity_peak__price_asinh
heterogeneity_peak_price_asinh,heterogeneity_peak,price_asinh,peak,-0.2537139527658865,0.0140290503131279,-18.084898628417427,1.5034198461648285e-50,-0.2813171196219558,-0.2261107859098171,210399,314,headline_sample,1.5034198461648285e-50,heterogeneity_peak__price_asinh
heterogeneity_peak_negative_price_any,heterogeneity_peak,negative_price_any,off_peak,0.0371429033430043,0.0014759453466246,25.16550048953124,3.5023016182281375e-77,0.0342388745766953,0.0400469321093133,210399,314,headline_sample,7.004603236456275e-77,heterogeneity_peak__negative_price_any
heterogeneity_peak_negative_price_any,heterogeneity_peak,negative_price_any,peak,0.0335065336038996,0.0014568823116584,22.998792239956455,3.1606526722617576e-69,0.0306400127317966,0.0363730544760025,210399,314,headline_sample,3.1606526722617576e-69,heterogeneity_peak__negative_price_any
heterogeneity_peak_intrahour_price_sd_asinh,heterogeneity_peak,intrahour_price_sd_asinh,off_peak,-0.0234303810052417,0.0043119515452611,-5.433822889543326,1.1106269039541177e-07,-0.0319144562150762,-0.0149463057954072,210399,314,headline_sample,2.2212538079082354e-07,heterogeneity_peak__intrahour_price_sd_asinh
heterogeneity_peak_intrahour_price_sd_asinh,heterogeneity_peak,intrahour_price_sd_asinh,peak,-0.0247107568572586,0.0045704088126443,-5.406684143636057,1.2759432846525778e-07,-0.033703365354629,-0.0157181483598882,210399,314,headline_sample,2.2212538079082354e-07,heterogeneity_peak__intrahour_price_sd_asinh
heterogeneity_season_price_asinh,heterogeneity_season,price_asinh,DJF,-0.2157218008872032,0.0182716689649771,-11.806354487961388,7.435714296366646e-27,-0.2516726254919998,-0.1797709762824066,210399,314,headline_sample,7.435714296366646e-27,heterogeneity_season__price_asinh
heterogeneity_season_price_asinh,heterogeneity_season,price_asinh,MAM,-0.260453823872787,0.0211935427006821,-12.289300922983672,1.3596759568545136e-28,-0.3021536454844272,-0.2187540022611468,210399,314,headline_sample,2.719351913709027e-28,heterogeneity_season__price_asinh
heterogeneity_season_price_asinh,heterogeneity_season,price_asinh,JJA,-0.3578609883786292,0.0213015765549153,-16.799741909058472,1.3449604658721569e-45,-0.3997733743790159,-0.3159486023782425,210399,314,headline_sample,5.3798418634886276e-45,heterogeneity_season__price_asinh
heterogeneity_season_price_asinh,heterogeneity_season,price_asinh,SON,-0.2398574065301446,0.0193892595831903,-12.370632591772155,6.892976841895336e-29,-0.2780071711645772,-0.201707641895712,210399,314,headline_sample,2.067893052568601e-28,heterogeneity_season__price_asinh
heterogeneity_season_negative_price_any,heterogeneity_season,negative_price_any,DJF,0.0259223534059846,0.0019150203323931,13.53633325322986,3.5141276011417166e-33,0.0221544129832214,0.0296902938287478,210399,314,headline_sample,3.5141276011417166e-33,heterogeneity_season__negative_price_any
heterogeneity_season_negative_price_any,heterogeneity_season,negative_price_any,MAM,0.0361455799482752,0.0023889439986284,15.130358840151882,3.3879541421067015e-39,0.0314451605804554,0.040845999316095,210399,314,headline_sample,1.0163862426320105e-38,heterogeneity_season__negative_price_any
heterogeneity_season_negative_price_any,heterogeneity_season,negative_price_any,JJA,0.0469637777431791,0.0022884771499298,20.521846916679458,6.779473427415652e-60,0.0424610341357445,0.0514665213506137,210399,314,headline_sample,2.711789370966261e-59,heterogeneity_season__negative_price_any
heterogeneity_season_negative_price_any,heterogeneity_season,negative_price_any,SON,0.0326470037654926,0.0021908408031543,14.901586513491894,2.517165263365013e-38,0.0283363667020583,0.036957640828927,210399,314,headline_sample,5.034330526730026e-38,heterogeneity_season__negative_price_any
heterogeneity_season_intrahour_price_sd_asinh,heterogeneity_season,intrahour_price_sd_asinh,DJF,-0.0488824569394954,0.0073979341084519,-6.607582092904676,1.6802495704894528e-10,-0.0634384250932852,-0.0343264887857057,210399,314,headline_sample,6.720998281957811e-10,heterogeneity_season__intrahour_price_sd_asinh
heterogeneity_season_intrahour_price_sd_asinh,heterogeneity_season,intrahour_price_sd_asinh,MAM,-0.0270370319957859,0.0071393208594374,-3.787059375549126,0.0001827475522762,-0.0410841599569464,-0.0129899040346253,210399,314,headline_sample,0.0005482426568286,heterogeneity_season__intrahour_price_sd_asinh
heterogeneity_season_intrahour_price_sd_asinh,heterogeneity_season,intrahour_price_sd_asinh,JJA,-0.0120904124610246,0.0079926139366935,-1.5126981681822935,0.1313653607144249,-0.0278164560054153,0.003635631083366,210399,314,headline_sample,0.2250909181389954,heterogeneity_season__intrahour_price_sd_asinh
heterogeneity_season_intrahour_price_sd_asinh,heterogeneity_season,intrahour_price_sd_asinh,SON,-0.0138210186140958,0.0086852166961898,-1.5913268600608417,0.1125454590694977,-0.03090980796869,0.0032677707404984,210399,314,headline_sample,0.2250909181389954,heterogeneity_season__intrahour_price_sd_asinh
heterogeneity_post_5ms_price_asinh,heterogeneity_post_5ms,price_asinh,pre_5ms,-0.2493904545226507,0.0158683876324106,-15.716181145794533,1.95569094454554e-41,-0.2806126500225367,-0.2181682590227647,210399,314,headline_sample,1.95569094454554e-41,heterogeneity_post_5ms__price_asinh
heterogeneity_post_5ms_price_asinh,heterogeneity_post_5ms,price_asinh,post_5ms,-0.2798006043981919,0.015826547672172,-17.679193857935772,5.500207772677968e-49,-0.310940476763016,-0.2486607320333676,210399,314,headline_sample,1.1000415545355936e-48,heterogeneity_post_5ms__price_asinh
heterogeneity_post_5ms_negative_price_any,heterogeneity_post_5ms,negative_price_any,pre_5ms,0.0376070397108979,0.0021184414087184,17.75222083373442,2.877047992065664e-49,0.0334388536701833,0.0417752257516125,210399,314,headline_sample,2.877047992065664e-49,heterogeneity_post_5ms__negative_price_any
heterogeneity_post_5ms_negative_price_any,heterogeneity_post_5ms,negative_price_any,post_5ms,0.0349111175912487,0.0016454493109176,21.216768793551065,1.5545974311901224e-62,0.0316735775676048,0.0381486576148926,210399,314,headline_sample,3.1091948623802448e-62,heterogeneity_post_5ms__negative_price_any
heterogeneity_post_5ms_intrahour_price_sd_asinh,heterogeneity_post_5ms,intrahour_price_sd_asinh,pre_5ms,0.0538686619753099,0.005974767620404,9.016026295541034,1.9920368484742298e-17,0.042112876382473,0.0656244475681467,210399,314,headline_sample,1.9920368484742298e-17,heterogeneity_post_5ms__intrahour_price_sd_asinh
heterogeneity_post_5ms_intrahour_price_sd_asinh,heterogeneity_post_5ms,intrahour_price_sd_asinh,post_5ms,-0.060218286136374,0.00377178882596,-15.965444757116416,2.166636322609187e-42,-0.0676395522937423,-0.0527970199790058,210399,314,headline_sample,4.333272645218374e-42,heterogeneity_post_5ms__intrahour_price_sd_asinh
