model,family,outcome,parameter,coefficient,std_error,statistic,p_value,ci_lower,ci_upper,nobs,week_clusters,region_clusters,effects,sample,covariance
exposure_headline_p999_price_asinh,exposure_headline_p999,price_asinh,renewable_share_ws_10pp_winsor_p999,-0.27012364610175366,0.012508419081518568,-21.595346649431228,0.0,-0.29463988540759367,-0.24560740679591364,210399,314,4,region_month + timestamp,headline_sample,clustered_aest_week_debiased
exposure_headline_p999_price_asinh,exposure_headline_p999,price_asinh,log_demand_centered,5.339630825931071,0.18559156018046924,28.770870942292923,0.0,4.975875256751964,5.7033863951101775,210399,314,4,region_month + timestamp,headline_sample,clustered_aest_week_debiased
exposure_headline_p999_price_asinh,exposure_headline_p999,price_asinh,log_demand_centered_sq,0.9044003951163323,0.03731990343845532,24.233728166199285,0.0,0.8312541663559081,0.9775466238767565,210399,314,4,region_month + timestamp,headline_sample,clustered_aest_week_debiased
exposure_raw_uncapped_price_asinh,exposure_raw_uncapped,price_asinh,renewable_share_ws_10pp,-0.014597318349595977,0.010802319795238656,-1.3513132943934918,0.17659703609502952,-0.03576963880291195,0.0065750021037199995,210399,314,4,region_month + timestamp,headline_sample,clustered_aest_week_debiased
exposure_raw_uncapped_price_asinh,exposure_raw_uncapped,price_asinh,log_demand_centered,6.490811361991721,0.1690392231553664,38.398255983618206,0.0,6.15949802655404,6.822124697429402,210399,314,4,region_month + timestamp,headline_sample,clustered_aest_week_debiased
exposure_raw_uncapped_price_asinh,exposure_raw_uncapped,price_asinh,log_demand_centered_sq,0.8619329198627635,0.03744258953867845,23.020120415880452,0.0,0.7885462289165933,0.9353196108089338,210399,314,4,region_month + timestamp,headline_sample,clustered_aest_week_debiased
exposure_cap_at_one_price_asinh,exposure_cap_at_one,price_asinh,renewable_share_ws_10pp_cap1,-0.322247287252306,0.01381555073014989,-23.32496862025636,0.0,-0.3493254772006082,-0.2951690973040038,210399,314,4,region_month + timestamp,headline_sample,clustered_aest_week_debiased
exposure_cap_at_one_price_asinh,exposure_cap_at_one,price_asinh,log_demand_centered,5.391045049270212,0.18259518887906892,29.524573360148338,0.0,5.033162305057677,5.748927793482747,210399,314,4,region_month + timestamp,headline_sample,clustered_aest_week_debiased
exposure_cap_at_one_price_asinh,exposure_cap_at_one,price_asinh,log_demand_centered_sq,0.6850929937641076,0.03347675867006865,20.46473496780454,0.0,0.6194792482227631,0.7507067393054521,210399,314,4,region_month + timestamp,headline_sample,clustered_aest_week_debiased
exposure_broad_including_hydro_price_asinh,exposure_broad_including_hydro,price_asinh,renewable_share_broad_10pp,-0.014240300596738933,0.010477169248240742,-1.3591744353208832,0.17409326627581923,-0.0347753327909492,0.006294731597471334,210399,314,4,region_month + timestamp,headline_sample,clustered_aest_week_debiased
exposure_broad_including_hydro_price_asinh,exposure_broad_including_hydro,price_asinh,log_demand_centered,6.497471479516836,0.16768490903443461,38.748099139813235,0.0,6.168812571378693,6.826130387654979,210399,314,4,region_month + timestamp,headline_sample,clustered_aest_week_debiased
exposure_broad_including_hydro_price_asinh,exposure_broad_including_hydro,price_asinh,log_demand_centered_sq,0.8630307743204311,0.03808053719106388,22.663303566078714,0.0,0.7883937193427591,0.937667829298103,210399,314,4,region_month + timestamp,headline_sample,clustered_aest_week_debiased
exposure_wind_solar_output_100mw_price_asinh,exposure_wind_solar_output_100mw,price_asinh,renewable_output_ws_100mw,-0.03621068813279775,0.004355537821333852,-8.313712248217486,0.0,-0.04474745099927616,-0.027673925266319337,210399,314,4,region_month + timestamp,headline_sample,clustered_aest_week_debiased
exposure_wind_solar_output_100mw_price_asinh,exposure_wind_solar_output_100mw,price_asinh,log_demand_centered,6.410583364839435,0.17152205706333054,37.37468798238862,0.0,6.074403726965961,6.746763002712909,210399,314,4,region_month + timestamp,headline_sample,clustered_aest_week_debiased
exposure_wind_solar_output_100mw_price_asinh,exposure_wind_solar_output_100mw,price_asinh,log_demand_centered_sq,0.7242531940216074,0.04035681461326016,17.94624280836172,0.0,0.6451546829921871,0.8033517050510276,210399,314,4,region_month + timestamp,headline_sample,clustered_aest_week_debiased
exposure_separate_wind_solar_price_asinh,exposure_separate_wind_solar,price_asinh,wind_share_10pp,-0.0391026543938901,0.013075480132710676,-2.9905329668214438,0.002785341079089232,-0.06473032147945879,-0.013474987308321421,210399,314,4,region_month + timestamp,headline_sample,clustered_aest_week_debiased
exposure_separate_wind_solar_price_asinh,exposure_separate_wind_solar,price_asinh,solar_utility_share_10pp,0.30599686510781493,0.031402514160413064,9.744342874735922,0.0,0.24444859533991273,0.3675451348757171,210399,314,4,region_month + timestamp,headline_sample,clustered_aest_week_debiased
exposure_separate_wind_solar_price_asinh,exposure_separate_wind_solar,price_asinh,log_demand_centered,7.210097890919924,0.18016590325851833,40.01921429369587,0.0,6.856976495604639,7.563219286235209,210399,314,4,region_month + timestamp,headline_sample,clustered_aest_week_debiased
exposure_separate_wind_solar_price_asinh,exposure_separate_wind_solar,price_asinh,log_demand_centered_sq,0.7965938832248771,0.04209063145182371,18.92568145803767,0.0,0.7140971275172088,0.8790906389325455,210399,314,4,region_month + timestamp,headline_sample,clustered_aest_week_debiased
exposure_all_unknown_as_renewable_upper_bound_price_asinh,exposure_all_unknown_as_renewable_upper_bound,price_asinh,renewable_share_ws_unknown_upper_10pp_p999,-0.26677687270590084,0.012552178660974042,-21.25343176761309,0.0,-0.2913788798705615,-0.24217486554124018,210399,314,4,region_month + timestamp,headline_sample,clustered_aest_week_debiased
exposure_all_unknown_as_renewable_upper_bound_price_asinh,exposure_all_unknown_as_renewable_upper_bound,price_asinh,log_demand_centered,5.333655374112074,0.1864216407858782,28.6107093126503,0.0,4.9682728643393785,5.6990378838847695,210399,314,4,region_month + timestamp,headline_sample,clustered_aest_week_debiased
exposure_all_unknown_as_renewable_upper_bound_price_asinh,exposure_all_unknown_as_renewable_upper_bound,price_asinh,log_demand_centered_sq,0.8993275546651082,0.03713848297936067,24.215516696384725,0.0,0.8265369062031337,0.9721182031270826,210399,314,4,region_month + timestamp,headline_sample,clustered_aest_week_debiased
sample_include_tas1_price_asinh,sample_include_tas1,price_asinh,renewable_share_ws_10pp_winsor_p999,-0.2765796358336123,0.010616141781202786,-26.052745105885013,0.0,-0.29738701128465445,-0.2557722603825701,263007,314,5,region_month + timestamp,all_five_sample,clustered_aest_week_debiased
sample_include_tas1_price_asinh,sample_include_tas1,price_asinh,log_demand_centered,5.419453183887959,0.1671408894806291,32.424460589675455,0.0,5.091861172371835,5.747045195404083,263007,314,5,region_month + timestamp,all_five_sample,clustered_aest_week_debiased
sample_include_tas1_price_asinh,sample_include_tas1,price_asinh,log_demand_centered_sq,0.9042025019316383,0.03556448210705854,25.424312357754815,0.0,0.8344969961862547,0.9739080076770219,263007,314,5,region_month + timestamp,all_five_sample,clustered_aest_week_debiased
sample_post_5ms_price_asinh,sample_post_5ms,price_asinh,renewable_share_ws_10pp_winsor_p999,-0.27354213772365266,0.016705157229676887,-16.37471195049288,0.0,-0.30628404718263336,-0.24080022826467196,131391,197,4,region_month + timestamp,post_5ms_sample,clustered_aest_week_debiased
sample_post_5ms_price_asinh,sample_post_5ms,price_asinh,log_demand_centered,6.123095582224921,0.2154409655866759,28.421222331374516,0.0,5.700833852388406,6.5453573120614355,131391,197,4,region_month + timestamp,post_5ms_sample,clustered_aest_week_debiased
sample_post_5ms_price_asinh,sample_post_5ms,price_asinh,log_demand_centered_sq,1.0723694252289855,0.04454032857814538,24.076369875617967,0.0,0.9850709110319362,1.1596679394260347,131391,197,4,region_month + timestamp,post_5ms_sample,clustered_aest_week_debiased
aggressive_fe_price_asinh,aggressive_region_date_fe,price_asinh,renewable_share_ws_10pp_winsor_p999,-0.14860066587888954,0.01387283150690103,-10.711631998483384,0.0,-0.17579113683992822,-0.12141019491785085,210399,314,4,region_date + timestamp,headline_sample,clustered_aest_week_debiased
aggressive_fe_price_asinh,aggressive_region_date_fe,price_asinh,log_demand_centered,6.174721282598711,0.20331164403039728,30.370721323150203,0.0,5.77623454610951,6.573208019087911,210399,314,4,region_date + timestamp,headline_sample,clustered_aest_week_debiased
aggressive_fe_price_asinh,aggressive_region_date_fe,price_asinh,log_demand_centered_sq,0.89299983026817,0.03859644059023866,23.13684413930171,0.0,0.8173515823566828,0.9686480781796571,210399,314,4,region_date + timestamp,headline_sample,clustered_aest_week_debiased
inference_price_asinh,inference_driscoll_kraay,price_asinh,renewable_share_ws_10pp_winsor_p999,-0.27012364610175366,0.014707577194480688,-18.36629123409415,4.20353981373093e-75,-0.2989506309443881,-0.24129666125911922,210399,314,4,region_month + timestamp,headline_sample,driscoll_kraay_bartlett_bandwidth_168_hours
inference_price_asinh,inference_driscoll_kraay,price_asinh,log_demand_centered,5.339630825931071,0.2113797844477075,25.26083958256672,5.905261023375432e-140,4.925324529133248,5.753937122728893,210399,314,4,region_month + timestamp,headline_sample,driscoll_kraay_bartlett_bandwidth_168_hours
inference_price_asinh,inference_driscoll_kraay,price_asinh,log_demand_centered_sq,0.9044003951163323,0.04357349441162146,20.755746293212603,2.625861279709173e-95,0.8189959504321458,0.9898048398005188,210399,314,4,region_month + timestamp,headline_sample,driscoll_kraay_bartlett_bandwidth_168_hours
inference_price_asinh,inference_two_way_benchmark,price_asinh,renewable_share_ws_10pp_winsor_p999,-0.27012364610175366,0.04578223441628987,-5.900184854360023,3.6383329682365684e-09,-0.35985586626410865,-0.18039142593939866,210399,314,4,region_month + timestamp,headline_sample,two_way_region_and_aest_week_debiased_four_region_benchmark
inference_price_asinh,inference_two_way_benchmark,price_asinh,log_demand_centered,5.339630825931071,1.072694834317587,4.9777724802114545,6.438789224016972e-07,3.2371714272749434,7.442090224587198,210399,314,4,region_month + timestamp,headline_sample,two_way_region_and_aest_week_debiased_four_region_benchmark
inference_price_asinh,inference_two_way_benchmark,price_asinh,log_demand_centered_sq,0.9044003951163323,0.2889008960491783,3.130486639135866,0.0017454882530603122,0.33816069231662504,1.4706400979160397,210399,314,4,region_month + timestamp,headline_sample,two_way_region_and_aest_week_debiased_four_region_benchmark
exposure_headline_p999_negative_price_any,exposure_headline_p999,negative_price_any,renewable_share_ws_10pp_winsor_p999,0.03576899977956606,0.0013774834950320794,25.966917141706336,0.0,0.033069160992268934,0.03846883856686319,210399,314,4,region_month + timestamp,headline_sample,clustered_aest_week_debiased
exposure_headline_p999_negative_price_any,exposure_headline_p999,negative_price_any,log_demand_centered,-0.5572156609708213,0.02007789394147733,-27.75269470966343,0.0,-0.596567912395929,-0.5178634095457136,210399,314,4,region_month + timestamp,headline_sample,clustered_aest_week_debiased
exposure_headline_p999_negative_price_any,exposure_headline_p999,negative_price_any,log_demand_centered_sq,-0.11791831249357312,0.004817111654263444,-24.479049056130567,0.0,-0.12735975040105135,-0.1084768745860949,210399,314,4,region_month + timestamp,headline_sample,clustered_aest_week_debiased
exposure_raw_uncapped_negative_price_any,exposure_raw_uncapped,negative_price_any,renewable_share_ws_10pp,0.0021029435028886603,0.0014799389917031676,1.4209663470441551,0.15532852285582233,-0.0007977059110925652,0.005003592916869886,210399,314,4,region_month + timestamp,headline_sample,clustered_aest_week_debiased
exposure_raw_uncapped_negative_price_any,exposure_raw_uncapped,negative_price_any,log_demand_centered,-0.710629644230378,0.01861242261104598,-38.180394840628544,0.0,-0.7471096025544505,-0.6741496859063055,210399,314,4,region_month + timestamp,headline_sample,clustered_aest_week_debiased
exposure_raw_uncapped_negative_price_any,exposure_raw_uncapped,negative_price_any,log_demand_centered_sq,-0.11314787601286906,0.004355707475751013,-25.976922610800457,0.0,-0.12168497139845028,-0.10461078062728785,210399,314,4,region_month + timestamp,headline_sample,clustered_aest_week_debiased
exposure_cap_at_one_negative_price_any,exposure_cap_at_one,negative_price_any,renewable_share_ws_10pp_cap1,0.04418847217134153,0.0015598078187526252,28.32943369054205,0.0,0.04113128152986703,0.04724566281281603,210399,314,4,region_month + timestamp,headline_sample,clustered_aest_week_debiased
exposure_cap_at_one_negative_price_any,exposure_cap_at_one,negative_price_any,log_demand_centered,-0.5592405654666202,0.019345859334856424,-28.907507068399273,0.0,-0.5971580444013664,-0.5213230865318739,210399,314,4,region_month + timestamp,headline_sample,clustered_aest_week_debiased
exposure_cap_at_one_negative_price_any,exposure_cap_at_one,negative_price_any,log_demand_centered_sq,-0.08839041608260044,0.0037922481425359633,-23.30818363154151,0.0,-0.09582314298147021,-0.08095768918373067,210399,314,4,region_month + timestamp,headline_sample,clustered_aest_week_debiased
exposure_broad_including_hydro_negative_price_any,exposure_broad_including_hydro,negative_price_any,renewable_share_broad_10pp,0.0020557040899110315,0.0014364987915534166,1.4310517363457105,0.15241737217063545,-0.0007598034419966692,0.004871211621818732,210399,314,4,region_month + timestamp,headline_sample,clustered_aest_week_debiased
exposure_broad_including_hydro_negative_price_any,exposure_broad_including_hydro,negative_price_any,log_demand_centered,-0.7116158163991924,0.01847484736242978,-38.51808907749492,0.0,-0.7478261301186466,-0.6754055026797381,210399,314,4,region_month + timestamp,headline_sample,clustered_aest_week_debiased
exposure_broad_including_hydro_negative_price_any,exposure_broad_including_hydro,negative_price_any,log_demand_centered_sq,-0.11332792984724467,0.004487846230095396,-25.252186469150864,0.0,-0.1221240144225844,-0.10453184527190494,210399,314,4,region_month + timestamp,headline_sample,clustered_aest_week_debiased
exposure_wind_solar_output_100mw_negative_price_any,exposure_wind_solar_output_100mw,negative_price_any,renewable_output_ws_100mw,0.007357700827702205,0.0005311198020201999,13.8531849117958,0.0,0.006316717144509463,0.008398684510894948,210399,314,4,region_month + timestamp,headline_sample,clustered_aest_week_debiased
exposure_wind_solar_output_100mw_negative_price_any,exposure_wind_solar_output_100mw,negative_price_any,log_demand_centered,-0.6992929185682469,0.018290645741765935,-38.23227066125065,0.0,-0.7351422009708507,-0.6634436361656432,210399,314,4,region_month + timestamp,headline_sample,clustered_aest_week_debiased
exposure_wind_solar_output_100mw_negative_price_any,exposure_wind_solar_output_100mw,negative_price_any,log_demand_centered_sq,-0.08950301033351568,0.004118900516056754,-21.729830566338066,0.0,-0.09757596904000762,-0.08143005162702374,210399,314,4,region_month + timestamp,headline_sample,clustered_aest_week_debiased
exposure_separate_wind_solar_negative_price_any,exposure_separate_wind_solar,negative_price_any,wind_share_10pp,0.0033949456123350138,0.0016320683204449243,2.0801492007451654,0.03751346277651324,0.00019612590149088293,0.006593765323179145,210399,314,4,region_month + timestamp,headline_sample,clustered_aest_week_debiased
exposure_separate_wind_solar_negative_price_any,exposure_separate_wind_solar,negative_price_any,solar_utility_share_10pp,-0.014799838836211344,0.0026362022583504155,-5.6140756231171105,1.9794713645993056e-08,-0.019966740025423965,-0.009632937646998725,210399,314,4,region_month + timestamp,headline_sample,clustered_aest_week_debiased
exposure_separate_wind_solar_negative_price_any,exposure_separate_wind_solar,negative_price_any,log_demand_centered,-0.7485528014966906,0.01939398159028421,-38.59716984941826,0.0,-0.786564599045605,-0.7105410039477761,210399,314,4,region_month + timestamp,headline_sample,clustered_aest_week_debiased
exposure_separate_wind_solar_negative_price_any,exposure_separate_wind_solar,negative_price_any,log_demand_centered_sq,-0.10970298658092043,0.004487711090177413,-24.44519809241631,0.0,-0.11849880628528173,-0.10090716687655912,210399,314,4,region_month + timestamp,headline_sample,clustered_aest_week_debiased
exposure_all_unknown_as_renewable_upper_bound_negative_price_any,exposure_all_unknown_as_renewable_upper_bound,negative_price_any,renewable_share_ws_unknown_upper_10pp_p999,0.035429665272669573,0.0013799955362966112,25.673753530934935,0.0,0.03272490293712978,0.03813442760820937,210399,314,4,region_month + timestamp,headline_sample,clustered_aest_week_debiased
exposure_all_unknown_as_renewable_upper_bound_negative_price_any,exposure_all_unknown_as_renewable_upper_bound,negative_price_any,log_demand_centered,-0.5560067000188403,0.020129860411060334,-27.62099133649943,0.0,-0.5954608046354564,-0.5165525954022243,210399,314,4,region_month + timestamp,headline_sample,clustered_aest_week_debiased
exposure_all_unknown_as_renewable_upper_bound_negative_price_any,exposure_all_unknown_as_renewable_upper_bound,negative_price_any,log_demand_centered_sq,-0.11728964273005306,0.004780949805537536,-24.532707411862454,0.0,-0.12666020417174226,-0.10791908128836385,210399,314,4,region_month + timestamp,headline_sample,clustered_aest_week_debiased
sample_include_tas1_negative_price_any,sample_include_tas1,negative_price_any,renewable_share_ws_10pp_winsor_p999,0.03718452760903668,0.00118507027682369,31.37748734083628,0.0,0.03486181916241425,0.0395072360556591,263007,314,5,region_month + timestamp,all_five_sample,clustered_aest_week_debiased
sample_include_tas1_negative_price_any,sample_include_tas1,negative_price_any,log_demand_centered,-0.5592339896748402,0.017849929404361795,-31.329759183147594,0.0,-0.5942194100418497,-0.5242485693078306,263007,314,5,region_month + timestamp,all_five_sample,clustered_aest_week_debiased
sample_include_tas1_negative_price_any,sample_include_tas1,negative_price_any,log_demand_centered_sq,-0.11399610761560397,0.004450303339566487,-25.61535673357236,0.0,-0.12271859214584499,-0.10527362308536295,263007,314,5,region_month + timestamp,all_five_sample,clustered_aest_week_debiased
sample_post_5ms_negative_price_any,sample_post_5ms,negative_price_any,renewable_share_ws_10pp_winsor_p999,0.03476049626101772,0.0017146205020974025,20.272996980088063,0.0,0.03139986047266058,0.03812113204937487,131391,197,4,region_month + timestamp,post_5ms_sample,clustered_aest_week_debiased
sample_post_5ms_negative_price_any,sample_post_5ms,negative_price_any,log_demand_centered,-0.6139726269993986,0.024103808891975394,-25.47201688127396,0.0,-0.6612158057080433,-0.5667294482907539,131391,197,4,region_month + timestamp,post_5ms_sample,clustered_aest_week_debiased
sample_post_5ms_negative_price_any,sample_post_5ms,negative_price_any,log_demand_centered_sq,-0.13077546320237596,0.0060817985236286615,-21.502761509493364,0.0,-0.14269571596447844,-0.11885521044027347,131391,197,4,region_month + timestamp,post_5ms_sample,clustered_aest_week_debiased
aggressive_fe_negative_price_any,aggressive_region_date_fe,negative_price_any,renewable_share_ws_10pp_winsor_p999,0.027392386235284092,0.0016287221256936326,16.818330028898178,0.0,0.0242001236002017,0.030584648870366483,210399,314,4,region_date + timestamp,headline_sample,clustered_aest_week_debiased
aggressive_fe_negative_price_any,aggressive_region_date_fe,negative_price_any,log_demand_centered,-0.6287188278704793,0.02303567453160443,-27.293267536311607,0.0,-0.6738682870207581,-0.5835693687202005,210399,314,4,region_date + timestamp,headline_sample,clustered_aest_week_debiased
aggressive_fe_negative_price_any,aggressive_region_date_fe,negative_price_any,log_demand_centered_sq,-0.11821818271396284,0.005306713505789914,-22.277099109454536,0.0,-0.12861923454004134,-0.10781713088788433,210399,314,4,region_date + timestamp,headline_sample,clustered_aest_week_debiased
inference_negative_price_any,inference_driscoll_kraay,negative_price_any,renewable_share_ws_10pp_winsor_p999,0.03576899977956606,0.0016260645506822975,21.997281574435263,9.282427691854468e-107,0.03258189849593286,0.03895610106319926,210399,314,4,region_month + timestamp,headline_sample,driscoll_kraay_bartlett_bandwidth_168_hours
inference_negative_price_any,inference_driscoll_kraay,negative_price_any,log_demand_centered,-0.5572156609708213,0.022289834239560175,-24.99864534577249,4.0111632440190456e-137,-0.6009039384669792,-0.5135273834746634,210399,314,4,region_month + timestamp,headline_sample,driscoll_kraay_bartlett_bandwidth_168_hours
inference_negative_price_any,inference_driscoll_kraay,negative_price_any,log_demand_centered_sq,-0.11791831249357312,0.005424280462367288,-21.738977789159286,2.5338964625793304e-104,-0.1285499514510446,-0.10728667353610165,210399,314,4,region_month + timestamp,headline_sample,driscoll_kraay_bartlett_bandwidth_168_hours
inference_negative_price_any,inference_two_way_benchmark,negative_price_any,renewable_share_ws_10pp_winsor_p999,0.03576899977956606,0.00676024013793354,5.29108419963612,1.2175537977832107e-07,0.022519070759247167,0.04901892879988495,210399,314,4,region_month + timestamp,headline_sample,two_way_region_and_aest_week_debiased_four_region_benchmark
inference_negative_price_any,inference_two_way_benchmark,negative_price_any,log_demand_centered,-0.5572156609708213,0.11599174684968125,-4.803925073160087,1.5572786429274288e-06,-0.7845570543744684,-0.32987426756717425,210399,314,4,region_month + timestamp,headline_sample,two_way_region_and_aest_week_debiased_four_region_benchmark
inference_negative_price_any,inference_two_way_benchmark,negative_price_any,log_demand_centered_sq,-0.11791831249357312,0.03191750000781673,-3.6944720753409395,0.0002204186032370714,-0.18047594372867776,-0.05536068125846848,210399,314,4,region_month + timestamp,headline_sample,two_way_region_and_aest_week_debiased_four_region_benchmark
exposure_headline_p999_intrahour_price_sd_asinh,exposure_headline_p999,intrahour_price_sd_asinh,renewable_share_ws_10pp_winsor_p999,-0.023914136253425054,0.004199265676174196,-5.69483764485518,1.2370825919205686e-08,-0.03214460898982366,-0.01568366351702645,210399,314,4,region_month + timestamp,headline_sample,clustered_aest_week_debiased
exposure_headline_p999_intrahour_price_sd_asinh,exposure_headline_p999,intrahour_price_sd_asinh,log_demand_centered,0.8596362401822802,0.05284593502815691,16.266837548134145,0.0,0.7560593148292261,0.9632131655353344,210399,314,4,region_month + timestamp,headline_sample,clustered_aest_week_debiased
exposure_headline_p999_intrahour_price_sd_asinh,exposure_headline_p999,intrahour_price_sd_asinh,log_demand_centered_sq,0.213764506001042,0.013886765975701557,15.393397308997471,0.0,0.18654673566366023,0.24098227633842376,210399,314,4,region_month + timestamp,headline_sample,clustered_aest_week_debiased
exposure_raw_uncapped_intrahour_price_sd_asinh,exposure_raw_uncapped,intrahour_price_sd_asinh,renewable_share_ws_10pp,-0.002663873878172708,0.0012833188418879295,-2.075769318756204,0.037916909841720914,-0.005179151918377154,-0.00014859583796826168,210399,314,4,region_month + timestamp,headline_sample,clustered_aest_week_debiased
exposure_raw_uncapped_intrahour_price_sd_asinh,exposure_raw_uncapped,intrahour_price_sd_asinh,log_demand_centered,0.9694404178275232,0.05708202400801278,16.983287377676724,0.0,0.8575608468344278,1.0813199888206186,210399,314,4,region_month + timestamp,headline_sample,clustered_aest_week_debiased
exposure_raw_uncapped_intrahour_price_sd_asinh,exposure_raw_uncapped,intrahour_price_sd_asinh,log_demand_centered_sq,0.21688643137353417,0.01278124119391624,16.96912123657992,0.0,0.1918354664439462,0.24193739630312214,210399,314,4,region_month + timestamp,headline_sample,clustered_aest_week_debiased
exposure_cap_at_one_intrahour_price_sd_asinh,exposure_cap_at_one,intrahour_price_sd_asinh,renewable_share_ws_10pp_cap1,-0.027334308838079125,0.004805388048349617,-5.68826254259881,1.2856486986123628e-08,-0.03675276872361568,-0.01791584895254257,210399,314,4,region_month + timestamp,headline_sample,clustered_aest_week_debiased
exposure_cap_at_one_intrahour_price_sd_asinh,exposure_cap_at_one,intrahour_price_sd_asinh,log_demand_centered,0.8679528245121736,0.0531952412800116,16.316362208856294,0.0,0.7636912662246386,0.9722143827997086,210399,314,4,region_month + timestamp,headline_sample,clustered_aest_week_debiased
exposure_cap_at_one_intrahour_price_sd_asinh,exposure_cap_at_one,intrahour_price_sd_asinh,log_demand_centered_sq,0.19473312566025386,0.012758464471608536,15.263053488418947,0.0,0.16972680262913917,0.21973944869136855,210399,314,4,region_month + timestamp,headline_sample,clustered_aest_week_debiased
exposure_broad_including_hydro_intrahour_price_sd_asinh,exposure_broad_including_hydro,intrahour_price_sd_asinh,renewable_share_broad_10pp,-0.002684423393900646,0.0013002391186351613,-2.0645613221654484,0.038966159273455814,-0.005232864821992303,-0.00013598196580898994,210399,314,4,region_month + timestamp,headline_sample,clustered_aest_week_debiased
exposure_broad_including_hydro_intrahour_price_sd_asinh,exposure_broad_including_hydro,intrahour_price_sd_asinh,log_demand_centered,0.9712012588757832,0.05713122820776002,16.999481533006268,0.0,0.8592252486821786,1.0831772690693877,210399,314,4,region_month + timestamp,headline_sample,clustered_aest_week_debiased
exposure_broad_including_hydro_intrahour_price_sd_asinh,exposure_broad_including_hydro,intrahour_price_sd_asinh,log_demand_centered_sq,0.21753416016906554,0.012895703863745415,16.868731049309716,0.0,0.19225885080499475,0.24280946953313634,210399,314,4,region_month + timestamp,headline_sample,clustered_aest_week_debiased
exposure_wind_solar_output_100mw_intrahour_price_sd_asinh,exposure_wind_solar_output_100mw,intrahour_price_sd_asinh,renewable_output_ws_100mw,-0.00798352181356791,0.0009666249991236628,-8.259171675474697,2.220446049250313e-16,-0.009878086557767868,-0.006088957069367951,210399,314,4,region_month + timestamp,headline_sample,clustered_aest_week_debiased
exposure_wind_solar_output_100mw_intrahour_price_sd_asinh,exposure_wind_solar_output_100mw,intrahour_price_sd_asinh,log_demand_centered,0.9549416681720402,0.05779566029654887,16.522722697037207,0.0,0.8416633850065223,1.068219951337558,210399,314,4,region_month + timestamp,headline_sample,clustered_aest_week_debiased
exposure_wind_solar_output_100mw_intrahour_price_sd_asinh,exposure_wind_solar_output_100mw,intrahour_price_sd_asinh,log_demand_centered_sq,0.18931349432846428,0.01185630909253099,15.967321098918074,0.0,0.16607537693711702,0.21255161171981155,210399,314,4,region_month + timestamp,headline_sample,clustered_aest_week_debiased
exposure_separate_wind_solar_intrahour_price_sd_asinh,exposure_separate_wind_solar,intrahour_price_sd_asinh,wind_share_10pp,-0.0011249934354283957,0.0011881143153171852,-0.9468730583622853,0.34370492065377545,-0.0034536725985265465,0.0012036857276697553,210399,314,4,region_month + timestamp,headline_sample,clustered_aest_week_debiased
exposure_separate_wind_solar_intrahour_price_sd_asinh,exposure_separate_wind_solar,intrahour_price_sd_asinh,solar_utility_share_10pp,-0.022796473491923243,0.005431700085095394,-4.196931556378979,2.7070376233728766e-05,-0.033442491846632935,-0.012150455137213547,210399,314,4,region_month + timestamp,headline_sample,clustered_aest_week_debiased
exposure_separate_wind_solar_intrahour_price_sd_asinh,exposure_separate_wind_solar,intrahour_price_sd_asinh,log_demand_centered,0.9242708282289065,0.06128847269377763,15.080663420133554,0.0,0.8041467059452622,1.044394950512551,210399,314,4,region_month + timestamp,headline_sample,clustered_aest_week_debiased
exposure_separate_wind_solar_intrahour_price_sd_asinh,exposure_separate_wind_solar,intrahour_price_sd_asinh,log_demand_centered_sq,0.2209895771311786,0.012734168516008351,17.354064134879998,0.0,0.19603087366273952,0.24594828059961765,210399,314,4,region_month + timestamp,headline_sample,clustered_aest_week_debiased
exposure_all_unknown_as_renewable_upper_bound_intrahour_price_sd_asinh,exposure_all_unknown_as_renewable_upper_bound,intrahour_price_sd_asinh,renewable_share_ws_unknown_upper_10pp_p999,-0.0233208929482623,0.004186238896709057,-5.570846175691416,2.5391756475201532e-08,-0.03152583346986458,-0.015115952426660022,210399,314,4,region_month + timestamp,headline_sample,clustered_aest_week_debiased
exposure_all_unknown_as_renewable_upper_bound_intrahour_price_sd_asinh,exposure_all_unknown_as_renewable_upper_bound,intrahour_price_sd_asinh,log_demand_centered,0.860301807626704,0.05281581462281272,16.288716055420153,0.0,0.7567839176369995,0.9638196976164086,210399,314,4,region_month + timestamp,headline_sample,clustered_aest_week_debiased
exposure_all_unknown_as_renewable_upper_bound_intrahour_price_sd_asinh,exposure_all_unknown_as_renewable_upper_bound,intrahour_price_sd_asinh,log_demand_centered_sq,0.21319225788780075,0.01384614143235855,15.397232429647774,0.0,0.18605411080414888,0.2403304049714526,210399,314,4,region_month + timestamp,headline_sample,clustered_aest_week_debiased
sample_include_tas1_intrahour_price_sd_asinh,sample_include_tas1,intrahour_price_sd_asinh,renewable_share_ws_10pp_winsor_p999,-0.017267903398772808,0.003615686915469195,-4.775829269092568,1.7908860010518168e-06,-0.024354560370215807,-0.010181246427329807,263007,314,5,region_month + timestamp,all_five_sample,clustered_aest_week_debiased
sample_include_tas1_intrahour_price_sd_asinh,sample_include_tas1,intrahour_price_sd_asinh,log_demand_centered,0.8816331119174785,0.053877011109115996,16.363808863337375,0.0,0.77603550202946,0.987230721805497,263007,314,5,region_month + timestamp,all_five_sample,clustered_aest_week_debiased
sample_include_tas1_intrahour_price_sd_asinh,sample_include_tas1,intrahour_price_sd_asinh,log_demand_centered_sq,0.24200811696062766,0.01630341231244705,14.844016229403916,0.0,0.21005383186254423,0.2739624020587111,263007,314,5,region_month + timestamp,all_five_sample,clustered_aest_week_debiased
sample_post_5ms_intrahour_price_sd_asinh,sample_post_5ms,intrahour_price_sd_asinh,renewable_share_ws_10pp_winsor_p999,-0.05456486986665179,0.003798807481831554,-14.363683900175937,0.0,-0.06201048734346694,-0.047119252389836636,131391,197,4,region_month + timestamp,post_5ms_sample,clustered_aest_week_debiased
sample_post_5ms_intrahour_price_sd_asinh,sample_post_5ms,intrahour_price_sd_asinh,log_demand_centered,1.0525051646534167,0.054250983925064035,19.40066499267966,0.0,0.9461738814865942,1.158836447820239,131391,197,4,region_month + timestamp,post_5ms_sample,clustered_aest_week_debiased
sample_post_5ms_intrahour_price_sd_asinh,sample_post_5ms,intrahour_price_sd_asinh,log_demand_centered_sq,0.25352982054442896,0.014510711442863903,17.47190835836724,0.0,0.22508899872423022,0.2819706423646277,131391,197,4,region_month + timestamp,post_5ms_sample,clustered_aest_week_debiased
aggressive_fe_intrahour_price_sd_asinh,aggressive_region_date_fe,intrahour_price_sd_asinh,renewable_share_ws_10pp_winsor_p999,-0.028108980234483612,0.003994806847214457,-7.036380308120218,1.9815260543509794e-12,-0.03593872137421489,-0.02027923909475234,210399,314,4,region_date + timestamp,headline_sample,clustered_aest_week_debiased
aggressive_fe_intrahour_price_sd_asinh,aggressive_region_date_fe,intrahour_price_sd_asinh,log_demand_centered,0.8773005418579526,0.05782971749752478,15.170410298053119,0.0,0.7639554577257536,0.9906456259901516,210399,314,4,region_date + timestamp,headline_sample,clustered_aest_week_debiased
aggressive_fe_intrahour_price_sd_asinh,aggressive_region_date_fe,intrahour_price_sd_asinh,log_demand_centered_sq,0.22950144076140477,0.015821928629307362,14.505275945708249,0.0,0.19849077861007663,0.2605121029127329,210399,314,4,region_date + timestamp,headline_sample,clustered_aest_week_debiased
inference_intrahour_price_sd_asinh,inference_driscoll_kraay,intrahour_price_sd_asinh,renewable_share_ws_10pp_winsor_p999,-0.023914136253425054,0.004888238240524572,-4.8921789562488165,1.000198453450514e-06,-0.03349512758894348,-0.01433314491790663,210399,314,4,region_month + timestamp,headline_sample,driscoll_kraay_bartlett_bandwidth_168_hours
inference_intrahour_price_sd_asinh,inference_driscoll_kraay,intrahour_price_sd_asinh,log_demand_centered,0.8596362401822802,0.062273546798327736,13.804195912691526,2.8612254406312234e-43,0.7375795230279315,0.981692957336629,210399,314,4,region_month + timestamp,headline_sample,driscoll_kraay_bartlett_bandwidth_168_hours
inference_intrahour_price_sd_asinh,inference_driscoll_kraay,intrahour_price_sd_asinh,log_demand_centered_sq,0.213764506001042,0.0161563471067863,13.230992413579212,6.731558236427476e-40,0.18209791897578761,0.24543109302629637,210399,314,4,region_month + timestamp,headline_sample,driscoll_kraay_bartlett_bandwidth_168_hours
inference_intrahour_price_sd_asinh,inference_two_way_benchmark,intrahour_price_sd_asinh,renewable_share_ws_10pp_winsor_p999,-0.023914136253425054,0.005534960981338142,-4.3205609459677765,1.557282194597498e-05,-0.034762543800583995,-0.013065728706266117,210399,314,4,region_month + timestamp,headline_sample,two_way_region_and_aest_week_debiased_four_region_benchmark
inference_intrahour_price_sd_asinh,inference_two_way_benchmark,intrahour_price_sd_asinh,log_demand_centered,0.8596362401822802,0.24680962560028072,3.482993169701168,0.0004959754856177501,0.3758945455070918,1.3433779348574686,210399,314,4,region_month + timestamp,headline_sample,two_way_region_and_aest_week_debiased_four_region_benchmark
inference_intrahour_price_sd_asinh,inference_two_way_benchmark,intrahour_price_sd_asinh,log_demand_centered_sq,0.213764506001042,0.06994400597260576,3.056223375091854,0.0022418170525919656,0.07667571985962607,0.3508532921424579,210399,314,4,region_month + timestamp,headline_sample,two_way_region_and_aest_week_debiased_four_region_benchmark
threshold_negative_price_below_minus_50_any_5min,alternative_negative_price_threshold,negative_price_below_minus_50_any_5min,renewable_share_ws_10pp_winsor_p999,0.004497629608308246,0.0012653807469405847,3.5543686113310446,0.00037899860525403284,0.0020175098583364768,0.006977749358280015,210399,314,4,region_month + timestamp,headline_sample,clustered_aest_week_debiased
threshold_negative_price_below_minus_50_any_5min,alternative_negative_price_threshold,negative_price_below_minus_50_any_5min,log_demand_centered,-0.3345199288487381,0.017599683010590873,-19.007156472502132,0.0,-0.3690149387762588,-0.3000249189212174,210399,314,4,region_month + timestamp,headline_sample,clustered_aest_week_debiased
threshold_negative_price_below_minus_50_any_5min,alternative_negative_price_threshold,negative_price_below_minus_50_any_5min,log_demand_centered_sq,-0.01775277773910474,0.002951729249540436,-6.0143652206138905,1.809888905413004e-09,-0.02353810521943373,-0.011967450258775752,210399,314,4,region_month + timestamp,headline_sample,clustered_aest_week_debiased
threshold_negative_price_below_minus_100_any_5min,alternative_negative_price_threshold,negative_price_below_minus_100_any_5min,renewable_share_ws_10pp_winsor_p999,0.0008582886803530493,0.0008578659135562462,1.0004928122100696,0.31707361144060675,-0.0008231105350076393,0.002539687895713738,210399,314,4,region_month + timestamp,headline_sample,clustered_aest_week_debiased
threshold_negative_price_below_minus_100_any_5min,alternative_negative_price_threshold,negative_price_below_minus_100_any_5min,log_demand_centered,-0.1240078687244349,0.01092302645633837,-11.352885504774742,0.0,-0.1454167717042911,-0.10259896574457869,210399,314,4,region_month + timestamp,headline_sample,clustered_aest_week_debiased
threshold_negative_price_below_minus_100_any_5min,alternative_negative_price_threshold,negative_price_below_minus_100_any_5min,log_demand_centered_sq,0.00262667888297697,0.002037617743683361,1.2890930554171438,0.1973676307966865,-0.001367009199618224,0.006620366965572165,210399,314,4,region_month + timestamp,headline_sample,clustered_aest_week_debiased
