scope,model,probability_bin,bin_lower,bin_upper,nobs,mean_predicted,observed_rate,calibration_bias_pp
pooled,seasonal_naive,0,0.0,0.1,25197,0.0,0.1533515894749375,-15.335158947493749
pooled,seasonal_naive,1,0.1,0.2,0,,,
pooled,seasonal_naive,2,0.2,0.3,0,,,
pooled,seasonal_naive,3,0.3,0.4,0,,,
pooled,seasonal_naive,4,0.4,0.5,0,,,
pooled,seasonal_naive,5,0.5,0.6,0,,,
pooled,seasonal_naive,6,0.6,0.7,0,,,
pooled,seasonal_naive,7,0.7,0.8,0,,,
pooled,seasonal_naive,8,0.8,0.9,0,,,
pooled,seasonal_naive,9,0.9,1.0,9843,1.0,0.6081479223813878,39.18520776186122
NSW1,seasonal_naive,0,0.0,0.1,7059,0.0,0.11262218444538886,-11.262218444538886
NSW1,seasonal_naive,1,0.1,0.2,0,,,
NSW1,seasonal_naive,2,0.2,0.3,0,,,
NSW1,seasonal_naive,3,0.3,0.4,0,,,
NSW1,seasonal_naive,4,0.4,0.5,0,,,
NSW1,seasonal_naive,5,0.5,0.6,0,,,
NSW1,seasonal_naive,6,0.6,0.7,0,,,
NSW1,seasonal_naive,7,0.7,0.8,0,,,
NSW1,seasonal_naive,8,0.8,0.9,0,,,
NSW1,seasonal_naive,9,0.9,1.0,1701,1.0,0.5349794238683128,46.50205761316872
QLD1,seasonal_naive,0,0.0,0.1,6577,0.0,0.1017181085601338,-10.17181085601338
QLD1,seasonal_naive,1,0.1,0.2,0,,,
QLD1,seasonal_naive,2,0.2,0.3,0,,,
QLD1,seasonal_naive,3,0.3,0.4,0,,,
QLD1,seasonal_naive,4,0.4,0.5,0,,,
QLD1,seasonal_naive,5,0.5,0.6,0,,,
QLD1,seasonal_naive,6,0.6,0.7,0,,,
QLD1,seasonal_naive,7,0.7,0.8,0,,,
QLD1,seasonal_naive,8,0.8,0.9,0,,,
QLD1,seasonal_naive,9,0.9,1.0,2183,1.0,0.6921667430142007,30.783325698579933
SA1,seasonal_naive,0,0.0,0.1,5626,0.0,0.220049768929968,-22.0049768929968
SA1,seasonal_naive,1,0.1,0.2,0,,,
SA1,seasonal_naive,2,0.2,0.3,0,,,
SA1,seasonal_naive,3,0.3,0.4,0,,,
SA1,seasonal_naive,4,0.4,0.5,0,,,
SA1,seasonal_naive,5,0.5,0.6,0,,,
SA1,seasonal_naive,6,0.6,0.7,0,,,
SA1,seasonal_naive,7,0.7,0.8,0,,,
SA1,seasonal_naive,8,0.8,0.9,0,,,
SA1,seasonal_naive,9,0.9,1.0,3134,1.0,0.6081684747925973,39.18315252074027
VIC1,seasonal_naive,0,0.0,0.1,5935,0.0,0.195787700084246,-19.578770008424602
VIC1,seasonal_naive,1,0.1,0.2,0,,,
VIC1,seasonal_naive,2,0.2,0.3,0,,,
VIC1,seasonal_naive,3,0.3,0.4,0,,,
VIC1,seasonal_naive,4,0.4,0.5,0,,,
VIC1,seasonal_naive,5,0.5,0.6,0,,,
VIC1,seasonal_naive,6,0.6,0.7,0,,,
VIC1,seasonal_naive,7,0.7,0.8,0,,,
VIC1,seasonal_naive,8,0.8,0.9,0,,,
VIC1,seasonal_naive,9,0.9,1.0,2825,1.0,0.5872566371681416,41.27433628318584
pooled,seasonal_frequency,0,0.0,0.1,15742,0.029503333201417695,0.05450387498411892,-2.5000541782701227
pooled,seasonal_frequency,1,0.1,0.2,7695,0.1522827052113642,0.2692657569850552,-11.698305177369104
pooled,seasonal_frequency,2,0.2,0.3,3218,0.24065015753545965,0.4390926041019267,-19.844244656646705
pooled,seasonal_frequency,3,0.3,0.4,3501,0.35236936416634906,0.6049700085689803,-25.260064440263125
pooled,seasonal_frequency,4,0.4,0.5,2469,0.442255521071776,0.6585662211421628,-21.631070007038677
pooled,seasonal_frequency,5,0.5,0.6,1711,0.5424521614071474,0.7112799532437172,-16.882779183656982
pooled,seasonal_frequency,6,0.6,0.7,704,0.6445915912451944,0.7755681818181818,-13.097659057298738
pooled,seasonal_frequency,7,0.7,0.8,0,,,
pooled,seasonal_frequency,8,0.8,0.9,0,,,
pooled,seasonal_frequency,9,0.9,1.0,0,,,
NSW1,seasonal_frequency,0,0.0,0.1,5841,0.018982060729001327,0.05341551104262968,-3.4433450313628358
NSW1,seasonal_frequency,1,0.1,0.2,1893,0.14999743085589373,0.4252509244585314,-27.525349360263768
NSW1,seasonal_frequency,2,0.2,0.3,649,0.23505266100234945,0.522342064714946,-28.72894037125966
NSW1,seasonal_frequency,3,0.3,0.4,346,0.341246786404329,0.653179190751445,-31.193240434711605
NSW1,seasonal_frequency,4,0.4,0.5,31,0.4177738661945986,0.7419354838709677,-32.416161767636915
NSW1,seasonal_frequency,5,0.5,0.6,0,,,
NSW1,seasonal_frequency,6,0.6,0.7,0,,,
NSW1,seasonal_frequency,7,0.7,0.8,0,,,
NSW1,seasonal_frequency,8,0.8,0.9,0,,,
NSW1,seasonal_frequency,9,0.9,1.0,0,,,
QLD1,seasonal_frequency,0,0.0,0.1,5289,0.012938715581001247,0.019852524106636415,-0.6913808525635168
QLD1,seasonal_frequency,1,0.1,0.2,630,0.16562398002484213,0.41904761904761906,-25.342363902277693
QLD1,seasonal_frequency,2,0.2,0.3,711,0.25016940878425337,0.5035161744022504,-25.3346765617997
QLD1,seasonal_frequency,3,0.3,0.4,1322,0.3546671609768305,0.6354009077155824,-28.073374673875197
QLD1,seasonal_frequency,4,0.4,0.5,547,0.44000057346087224,0.7440585009140768,-30.405792745320454
QLD1,seasonal_frequency,5,0.5,0.6,261,0.5287843082115291,0.789272030651341,-26.04877224398119
QLD1,seasonal_frequency,6,0.6,0.7,0,,,
QLD1,seasonal_frequency,7,0.7,0.8,0,,,
QLD1,seasonal_frequency,8,0.8,0.9,0,,,
QLD1,seasonal_frequency,9,0.9,1.0,0,,,
SA1,seasonal_frequency,0,0.0,0.1,2018,0.0656857352549885,0.10257680872150644,-3.6891073466517947
SA1,seasonal_frequency,1,0.1,0.2,2541,0.149477919883222,0.1806375442739079,-3.1159624390685896
SA1,seasonal_frequency,2,0.2,0.3,961,0.23180223952961396,0.33610822060353795,-10.4305981073924
SA1,seasonal_frequency,3,0.3,0.4,739,0.3484100184935887,0.5493910690121786,-20.09810505185899
SA1,seasonal_frequency,4,0.4,0.5,915,0.4547192552906879,0.6666666666666666,-21.194741137597873
SA1,seasonal_frequency,5,0.5,0.6,1108,0.5417465287805637,0.6949458483754513,-15.319931959488752
SA1,seasonal_frequency,6,0.6,0.7,478,0.6549746246730636,0.7719665271966527,-11.699190252358916
SA1,seasonal_frequency,7,0.7,0.8,0,,,
SA1,seasonal_frequency,8,0.8,0.9,0,,,
SA1,seasonal_frequency,9,0.9,1.0,0,,,
VIC1,seasonal_frequency,0,0.0,0.1,2594,0.058820575977693995,0.09020817270624518,-3.138759672855118
VIC1,seasonal_frequency,1,0.1,0.2,2631,0.15344119276028997,0.20676548840744963,-5.332429564715965
VIC1,seasonal_frequency,2,0.2,0.3,897,0.24663392210147292,0.43812709030100333,-19.14931681995304
VIC1,seasonal_frequency,3,0.3,0.4,1094,0.35578497748844473,0.5904936014625228,-23.47086239740781
VIC1,seasonal_frequency,4,0.4,0.5,976,0.43261215102469874,0.6004098360655737,-16.7797685040875
VIC1,seasonal_frequency,5,0.5,0.6,342,0.5551689761273552,0.7046783625730995,-14.95093864457443
VIC1,seasonal_frequency,6,0.6,0.7,226,0.622631016118993,0.7831858407079646,-16.055482458897163
VIC1,seasonal_frequency,7,0.7,0.8,0,,,
VIC1,seasonal_frequency,8,0.8,0.9,0,,,
VIC1,seasonal_frequency,9,0.9,1.0,0,,,
pooled,statistical_control,0,0.0,0.1,21039,0.027052849050505,0.03883264413707876,-1.1779795086573759
pooled,statistical_control,1,0.1,0.2,2658,0.1443098479854395,0.2272385252069225,-8.292867722148301
pooled,statistical_control,2,0.2,0.3,1484,0.24861256743893606,0.35175202156334234,-10.313945412440628
pooled,statistical_control,3,0.3,0.4,1114,0.3478817395997166,0.5107719928186715,-16.28902532189549
pooled,statistical_control,4,0.4,0.5,878,0.4474135231312729,0.5580865603644647,-11.067303723319178
pooled,statistical_control,5,0.5,0.6,826,0.5483517901263704,0.6368038740920097,-8.84520839656393
pooled,statistical_control,6,0.6,0.7,750,0.6501011516881432,0.76,-10.98988483118568
pooled,statistical_control,7,0.7,0.8,888,0.7514602008442988,0.7635135135135135,-1.2053312669214722
pooled,statistical_control,8,0.8,0.9,1311,0.856499648945187,0.8405797101449275,1.5919938800259548
pooled,statistical_control,9,0.9,1.0,4092,0.9623581135575338,0.9706744868035191,-0.8316373245985331
NSW1,statistical_control,0,0.0,0.1,6403,0.02090767360540978,0.045135092925191314,-2.4227419319781536
NSW1,statistical_control,1,0.1,0.2,634,0.14620199094465178,0.3028391167192429,-15.663712577459114
NSW1,statistical_control,2,0.2,0.3,282,0.24439346476651427,0.4326241134751773,-18.823064870866304
NSW1,statistical_control,3,0.3,0.4,207,0.3495039433553878,0.5024154589371981,-15.291151558181026
NSW1,statistical_control,4,0.4,0.5,160,0.4458419108326755,0.5625,-11.66580891673245
NSW1,statistical_control,5,0.5,0.6,120,0.5469730055202978,0.6833333333333333,-13.636032781303554
NSW1,statistical_control,6,0.6,0.7,109,0.6548443793481861,0.7522935779816514,-9.744919863346535
NSW1,statistical_control,7,0.7,0.8,170,0.7514496168671981,0.7235294117647059,2.792020510249227
NSW1,statistical_control,8,0.8,0.9,241,0.8542562253427761,0.8589211618257261,-0.4664936482949966
NSW1,statistical_control,9,0.9,1.0,434,0.9544972477568938,0.9539170506912442,0.05801970656496014
QLD1,statistical_control,0,0.0,0.1,5850,0.02168276548449751,0.028205128205128206,-0.6522362720630694
QLD1,statistical_control,1,0.1,0.2,503,0.15103546686418529,0.33001988071570576,-17.898441385152047
QLD1,statistical_control,2,0.2,0.3,292,0.24485364706601637,0.3835616438356164,-13.870799676960004
QLD1,statistical_control,3,0.3,0.4,251,0.3505728688981577,0.5577689243027888,-20.71960554046311
QLD1,statistical_control,4,0.4,0.5,207,0.4428840442217625,0.6473429951690821,-20.445895094731963
QLD1,statistical_control,5,0.5,0.6,131,0.542333286396732,0.6946564885496184,-15.232320215288642
QLD1,statistical_control,6,0.6,0.7,134,0.6507120129448687,0.7238805970149254,-7.316858407005666
QLD1,statistical_control,7,0.7,0.8,193,0.7518312394102219,0.7461139896373057,0.5717249772916211
QLD1,statistical_control,8,0.8,0.9,321,0.8565380241187416,0.8629283489096573,-0.6390324790915725
QLD1,statistical_control,9,0.9,1.0,878,0.9608500743009685,0.9726651480637813,-1.1815073762812878
SA1,statistical_control,0,0.0,0.1,4158,0.03566045785657687,0.04064454064454064,-0.49840827879637717
SA1,statistical_control,1,0.1,0.2,791,0.14019473310473865,0.14412136536030343,-0.3926632255564777
SA1,statistical_control,2,0.2,0.3,441,0.25145319943423583,0.29024943310657597,-3.8796233672340144
SA1,statistical_control,3,0.3,0.4,335,0.3452697372429596,0.48656716417910445,-14.129742693614483
SA1,statistical_control,4,0.4,0.5,278,0.44893573590534097,0.5359712230215827,-8.703548711624176
SA1,statistical_control,5,0.5,0.6,298,0.5515016859298014,0.6174496644295302,-6.594797849972878
SA1,statistical_control,6,0.6,0.7,267,0.6480101486924631,0.7715355805243446,-12.352543183188146
SA1,statistical_control,7,0.7,0.8,274,0.7510668581740324,0.7956204379562044,-4.455357978217201
SA1,statistical_control,8,0.8,0.9,408,0.8578572506010071,0.8357843137254902,2.2072936875516924
SA1,statistical_control,9,0.9,1.0,1510,0.9637720831636343,0.9748344370860927,-1.1062353922458468
VIC1,statistical_control,0,0.0,0.1,4628,0.034609484707471654,0.04191875540190147,-0.7309270694429819
VIC1,statistical_control,1,0.1,0.2,730,0.14249128762719931,0.18082191780821918,-3.833063018101987
VIC1,statistical_control,2,0.2,0.3,469,0.25081869322270645,0.3411513859275053,-9.033269270479888
VIC1,statistical_control,3,0.3,0.4,321,0.34745728837909656,0.5046728971962616,-15.721560881716506
VIC1,statistical_control,4,0.4,0.5,233,0.45070058300618016,0.5021459227467812,-5.1445339740601
VIC1,statistical_control,5,0.5,0.6,277,0.5484066969562941,0.6101083032490975,-6.170160629280341
VIC1,statistical_control,6,0.6,0.7,240,0.6499321124235629,0.7708333333333334,-12.09012209097705
VIC1,statistical_control,7,0.7,0.8,251,0.7516114547269163,0.7689243027888446,-1.7312848061928343
VIC1,statistical_control,8,0.8,0.9,341,0.8564247081296312,0.8123167155425219,4.410799258710929
VIC1,statistical_control,9,0.9,1.0,1270,0.9644058144390538,0.9700787401574803,-0.567292571842648
pooled,renewable_candidate,0,0.0,0.1,19918,0.022193734674239875,0.023948187569033035,-0.17544528947931598
pooled,renewable_candidate,1,0.1,0.2,2506,0.1438464785651579,0.18475658419792498,-4.0910105632767095
pooled,renewable_candidate,2,0.2,0.3,1476,0.24788697308585744,0.31029810298102983,-6.241112989517239
pooled,renewable_candidate,3,0.3,0.4,1156,0.3489791427172201,0.39792387543252594,-4.894473271530586
pooled,renewable_candidate,4,0.4,0.5,1001,0.4486563660584116,0.46053946053946054,-1.1883094481048961
pooled,renewable_candidate,5,0.5,0.6,900,0.5506398182040221,0.5844444444444444,-3.3804626240422353
pooled,renewable_candidate,6,0.6,0.7,903,0.6490667186868022,0.6710963455149501,-2.202962682814791
pooled,renewable_candidate,7,0.7,0.8,1087,0.7503859900668838,0.718491260349586,3.1894729717297787
pooled,renewable_candidate,8,0.8,0.9,1498,0.8553020744296862,0.8311081441922563,2.4193930237429884
pooled,renewable_candidate,9,0.9,1.0,4595,0.9615016493449055,0.9516866158868336,0.9815033458071887
NSW1,renewable_candidate,0,0.0,0.1,5994,0.014533418989063088,0.028528528528528527,-1.399510953946544
NSW1,renewable_candidate,1,0.1,0.2,506,0.14559878760045145,0.28063241106719367,-13.503362346674223
NSW1,renewable_candidate,2,0.2,0.3,317,0.2456588970731473,0.29652996845425866,-5.0871071381111355
NSW1,renewable_candidate,3,0.3,0.4,277,0.34936424883369527,0.3574007220216607,-0.8036473187965409
NSW1,renewable_candidate,4,0.4,0.5,210,0.4490590405647169,0.4238095238095238,2.5249516755193104
NSW1,renewable_candidate,5,0.5,0.6,178,0.5522104073805214,0.5112359550561798,4.09744523243416
NSW1,renewable_candidate,6,0.6,0.7,163,0.6495787118044128,0.6319018404907976,1.7676871313615283
NSW1,renewable_candidate,7,0.7,0.8,192,0.7473523243086372,0.609375,13.797732430863718
NSW1,renewable_candidate,8,0.8,0.9,262,0.8551080903036996,0.7442748091603053,11.08332811433943
NSW1,renewable_candidate,9,0.9,1.0,661,0.9605534888395286,0.913767019667171,4.6786469172357625
QLD1,renewable_candidate,0,0.0,0.1,5643,0.01464360925027949,0.018961545277334752,-0.43179360270552625
QLD1,renewable_candidate,1,0.1,0.2,386,0.14566557561097726,0.24352331606217617,-9.785774045119892
QLD1,renewable_candidate,2,0.2,0.3,265,0.2490589247317071,0.3622641509433962,-11.32052262116891
QLD1,renewable_candidate,3,0.3,0.4,218,0.3488981012372564,0.37155963302752293,-2.266153179026653
QLD1,renewable_candidate,4,0.4,0.5,208,0.4473496510324626,0.46634615384615385,-1.8996502813691252
QLD1,renewable_candidate,5,0.5,0.6,200,0.5504004188928021,0.57,-1.9599581107197839
QLD1,renewable_candidate,6,0.6,0.7,198,0.6516715020249256,0.6414141414141414,1.0257360610784194
QLD1,renewable_candidate,7,0.7,0.8,261,0.7517661196150867,0.7279693486590039,2.379677095608279
QLD1,renewable_candidate,8,0.8,0.9,291,0.8536388987668498,0.7938144329896907,5.982446577715916
QLD1,renewable_candidate,9,0.9,1.0,1090,0.9638321163030443,0.9568807339449541,0.695138235809023
SA1,renewable_candidate,0,0.0,0.1,4005,0.03729527397047234,0.02671660424469413,1.0578669725778207
SA1,renewable_candidate,1,0.1,0.2,856,0.14344755725180355,0.1378504672897196,0.559708996208394
SA1,renewable_candidate,2,0.2,0.3,460,0.24731751410258945,0.30869565217391304,-6.137813807132359
SA1,renewable_candidate,3,0.3,0.4,348,0.34730338366211405,0.40804597701149425,-6.07425933493802
SA1,renewable_candidate,4,0.4,0.5,298,0.4472428357410741,0.5234899328859061,-7.624709714483196
SA1,renewable_candidate,5,0.5,0.6,268,0.5523626660749147,0.6716417910447762,-11.92791249698615
SA1,renewable_candidate,6,0.6,0.7,310,0.6492527351587992,0.7451612903225806,-9.590855516378138
SA1,renewable_candidate,7,0.7,0.8,340,0.7507299008757606,0.8205882352941176,-6.985833441835698
SA1,renewable_candidate,8,0.8,0.9,496,0.8563324557705285,0.8971774193548387,-4.084496358431022
SA1,renewable_candidate,9,0.9,1.0,1379,0.958777691395989,0.9746192893401016,-1.584159794411255
VIC1,renewable_candidate,0,0.0,0.1,4276,0.028751177401776615,0.021515434985968196,0.7235742415808419
VIC1,renewable_candidate,1,0.1,0.2,758,0.14220088069271258,0.1437994722955145,-0.15985916028019298
VIC1,renewable_candidate,2,0.2,0.3,434,0.24940237410471053,0.2903225806451613,-4.092020654045078
VIC1,renewable_candidate,3,0.3,0.4,313,0.35055791843461753,0.44089456869009586,-9.033665025547833
VIC1,renewable_candidate,4,0.4,0.5,285,0.45079133838697233,0.41754385964912283,3.32474787378495
VIC1,renewable_candidate,5,0.5,0.6,254,0.5479098645009821,0.5551181102362205,-0.7208245735238372
VIC1,renewable_candidate,6,0.6,0.7,232,0.646235395042673,0.625,2.123539504267302
VIC1,renewable_candidate,7,0.7,0.8,294,0.7507442225107075,0.6632653061224489,8.747891638825855
VIC1,renewable_candidate,8,0.8,0.9,449,0.855354944839121,0.8329621380846325,2.2392806754488515
VIC1,renewable_candidate,9,0.9,1.0,1465,0.9627595763901191,0.9433447098976109,1.9414866492508231
