dataset,table_name,period,source_url,downloaded_at_utc,local_path,sha256,bytes,status
price,DISPATCHPRICE,2019-07,https://nemweb.com.au/Data_Archive/Wholesale_Electricity/MMSDM/2019/MMSDM_2019_07/MMSDM_Historical_Data_SQLLoader/DATA/PUBLIC_DVD_DISPATCHPRICE_201907010000.zip,2026-08-23T05:05:57.449277+00:00,data/raw/aemo_history/price/2019-07.zip,16a936aa4a648f11405a38b6a74eecdd9517f38ae61629860fb568bf8deba373,2027634,downloaded
price,DISPATCHPRICE,2019-08,https://nemweb.com.au/Data_Archive/Wholesale_Electricity/MMSDM/2019/MMSDM_2019_08/MMSDM_Historical_Data_SQLLoader/DATA/PUBLIC_DVD_DISPATCHPRICE_201908010000.zip,2026-08-23T05:06:02.696101+00:00,data/raw/aemo_history/price/2019-08.zip,43a1974d5760a02748d5796197faa79956dd6d3729be6a44f94ab9c81921732c,1994109,downloaded
price,DISPATCHPRICE,2019-09,https://nemweb.com.au/Data_Archive/Wholesale_Electricity/MMSDM/2019/MMSDM_2019_09/MMSDM_Historical_Data_SQLLoader/DATA/PUBLIC_DVD_DISPATCHPRICE_201909010000.zip,2026-08-23T05:06:07.053403+00:00,data/raw/aemo_history/price/2019-09.zip,2788b928498d3394f75da16c3b4a6c4fffee554cbe972c49918615f87f702e59,1961360,downloaded
price,DISPATCHPRICE,2019-10,https://nemweb.com.au/Data_Archive/Wholesale_Electricity/MMSDM/2019/MMSDM_2019_10/MMSDM_Historical_Data_SQLLoader/DATA/PUBLIC_DVD_DISPATCHPRICE_201910010000.zip,2026-08-23T05:06:11.675874+00:00,data/raw/aemo_history/price/2019-10.zip,61adcc0cfa6e7f191d31c060184bea83d5a7ef6f0e3bca1aec54a0688496a34c,2319701,downloaded
price,DISPATCHPRICE,2019-11,https://nemweb.com.au/Data_Archive/Wholesale_Electricity/MMSDM/2019/MMSDM_2019_11/MMSDM_Historical_Data_SQLLoader/DATA/PUBLIC_DVD_DISPATCHPRICE_201911010000.zip,2026-08-23T05:06:17.556837+00:00,data/raw/aemo_history/price/2019-11.zip,026cd215aa2928fc445ad4de588a9873b944a5d9ef4304424675ecaf4bc56b0e,2493647,downloaded
price,DISPATCHPRICE,2019-12,https://nemweb.com.au/Data_Archive/Wholesale_Electricity/MMSDM/2019/MMSDM_2019_12/MMSDM_Historical_Data_SQLLoader/DATA/PUBLIC_DVD_DISPATCHPRICE_201912010000.zip,2026-08-23T05:06:21.750977+00:00,data/raw/aemo_history/price/2019-12.zip,33c028b2f646dae492d9f4ca26808d7188da3b1e31beadf5742ab53727a12556,1970811,downloaded
price,DISPATCHPRICE,2020-01,https://nemweb.com.au/Data_Archive/Wholesale_Electricity/MMSDM/2020/MMSDM_2020_01/MMSDM_Historical_Data_SQLLoader/DATA/PUBLIC_DVD_DISPATCHPRICE_202001010000.zip,2026-08-23T05:06:29.153088+00:00,data/raw/aemo_history/price/2020-01.zip,081e910f9a7fec7179ac0f6a50297e4413fdf9258cca8b4794d16d994a31d5b2,1943336,downloaded
price,DISPATCHPRICE,2020-02,https://nemweb.com.au/Data_Archive/Wholesale_Electricity/MMSDM/2020/MMSDM_2020_02/MMSDM_Historical_Data_SQLLoader/DATA/PUBLIC_DVD_DISPATCHPRICE_202002010000.zip,2026-08-23T05:06:35.624080+00:00,data/raw/aemo_history/price/2020-02.zip,7b7b00b92621f0a7b4075e2280eef83dc19e5beeceeffc4fa5b3c616dc6895b2,2329065,downloaded
price,DISPATCHPRICE,2020-03,https://nemweb.com.au/Data_Archive/Wholesale_Electricity/MMSDM/2020/MMSDM_2020_03/MMSDM_Historical_Data_SQLLoader/DATA/PUBLIC_DVD_DISPATCHPRICE_202003010000.zip,2026-08-23T05:06:40.304764+00:00,data/raw/aemo_history/price/2020-03.zip,efa8127332cbd253069a8db30a6c8ecfea76e5825aadfdf5a1fa7029cf3befb7,1919427,downloaded
price,DISPATCHPRICE,2020-04,https://nemweb.com.au/Data_Archive/Wholesale_Electricity/MMSDM/2020/MMSDM_2020_04/MMSDM_Historical_Data_SQLLoader/DATA/PUBLIC_DVD_DISPATCHPRICE_202004010000.zip,2026-08-23T05:06:46.365906+00:00,data/raw/aemo_history/price/2020-04.zip,c02b17a51cb0ac3d76c80b8b1547806f5067c544676f084bbf1d910eb271fdfb,1706070,downloaded
price,DISPATCHPRICE,2020-05,https://nemweb.com.au/Data_Archive/Wholesale_Electricity/MMSDM/2020/MMSDM_2020_05/MMSDM_Historical_Data_SQLLoader/DATA/PUBLIC_DVD_DISPATCHPRICE_202005010000.zip,2026-08-23T05:06:51.628122+00:00,data/raw/aemo_history/price/2020-05.zip,17b1b1911fbc2529b7d75ecff2c5f3cf8f1408b19d0a18e0c88ceee2ed4b9a54,2014874,downloaded
price,DISPATCHPRICE,2020-06,https://nemweb.com.au/Data_Archive/Wholesale_Electricity/MMSDM/2020/MMSDM_2020_06/MMSDM_Historical_Data_SQLLoader/DATA/PUBLIC_DVD_DISPATCHPRICE_202006010000.zip,2026-08-23T05:06:57.366787+00:00,data/raw/aemo_history/price/2020-06.zip,07a64f97f040b64f671a4c05c0e6b86ffc52da20e2b4db9d43270461a5180754,2061307,downloaded
price,DISPATCHPRICE,2020-07,https://nemweb.com.au/Data_Archive/Wholesale_Electricity/MMSDM/2020/MMSDM_2020_07/MMSDM_Historical_Data_SQLLoader/DATA/PUBLIC_DVD_DISPATCHPRICE_202007010000.zip,2026-08-23T05:07:04.413903+00:00,data/raw/aemo_history/price/2020-07.zip,85821caf90f4084da00fa7cd76ecbbd96f265459ee1ba24573d6fe736c9a5a34,2086489,downloaded
price,DISPATCHPRICE,2020-08,https://nemweb.com.au/Data_Archive/Wholesale_Electricity/MMSDM/2020/MMSDM_2020_08/MMSDM_Historical_Data_SQLLoader/DATA/PUBLIC_DVD_DISPATCHPRICE_202008010000.zip,2026-08-23T05:07:09.766205+00:00,data/raw/aemo_history/price/2020-08.zip,c7b46d516279942f5bc4db6e5fcf087495bc3f02e5c8727ef50a9b07ef501b67,2076827,downloaded
price,DISPATCHPRICE,2020-09,https://nemweb.com.au/Data_Archive/Wholesale_Electricity/MMSDM/2020/MMSDM_2020_09/MMSDM_Historical_Data_SQLLoader/DATA/PUBLIC_DVD_DISPATCHPRICE_202009010000.zip,2026-08-23T05:07:15.250210+00:00,data/raw/aemo_history/price/2020-09.zip,a429b7c1a716cfa33ee92493d29af926fc9c247b373322e30056c2c5d51db816,2160407,downloaded
price,DISPATCHPRICE,2020-10,https://nemweb.com.au/Data_Archive/Wholesale_Electricity/MMSDM/2020/MMSDM_2020_10/MMSDM_Historical_Data_SQLLoader/DATA/PUBLIC_DVD_DISPATCHPRICE_202010010000.zip,2026-08-23T05:07:19.992107+00:00,data/raw/aemo_history/price/2020-10.zip,ed289e97656f82f784b248c91161ae8bd03fcbb3ddd01f826ef54563e2c78aa8,2246099,downloaded
price,DISPATCHPRICE,2020-11,https://nemweb.com.au/Data_Archive/Wholesale_Electricity/MMSDM/2020/MMSDM_2020_11/MMSDM_Historical_Data_SQLLoader/DATA/PUBLIC_DVD_DISPATCHPRICE_202011010000.zip,2026-08-23T05:07:25.942445+00:00,data/raw/aemo_history/price/2020-11.zip,582858b6a2b2580e5a7b14436b6f9565c9e444a4f0f16ebf70fa2baa50914319,2135113,downloaded
price,DISPATCHPRICE,2020-12,https://nemweb.com.au/Data_Archive/Wholesale_Electricity/MMSDM/2020/MMSDM_2020_12/MMSDM_Historical_Data_SQLLoader/DATA/PUBLIC_DVD_DISPATCHPRICE_202012010000.zip,2026-08-23T05:07:30.428893+00:00,data/raw/aemo_history/price/2020-12.zip,176c60807a68885e1bf6142f1cdbd790e30952775991b27aca003b271509dfea,2014124,downloaded
price,DISPATCHPRICE,2021-01,https://nemweb.com.au/Data_Archive/Wholesale_Electricity/MMSDM/2021/MMSDM_2021_01/MMSDM_Historical_Data_SQLLoader/DATA/PUBLIC_DVD_DISPATCHPRICE_202101010000.zip,2026-08-23T05:07:35.841548+00:00,data/raw/aemo_history/price/2021-01.zip,3fc45899699fd4638a378d64459c18c0d068db2f44e9aedc98616d265a1049c3,1789458,downloaded
price,DISPATCHPRICE,2021-02,https://nemweb.com.au/Data_Archive/Wholesale_Electricity/MMSDM/2021/MMSDM_2021_02/MMSDM_Historical_Data_SQLLoader/DATA/PUBLIC_DVD_DISPATCHPRICE_202102010000.zip,2026-08-23T05:07:40.313532+00:00,data/raw/aemo_history/price/2021-02.zip,5fbbc85d53d05e986c6b0119e33adc103e52d205c08a0dc117fb2ad52e1498eb,1600101,downloaded
price,DISPATCHPRICE,2021-03,https://nemweb.com.au/Data_Archive/Wholesale_Electricity/MMSDM/2021/MMSDM_2021_03/MMSDM_Historical_Data_SQLLoader/DATA/PUBLIC_DVD_DISPATCHPRICE_202103010000.zip,2026-08-23T05:07:46.899866+00:00,data/raw/aemo_history/price/2021-03.zip,2b2de7b441a572fb4e93bc73d307c9a8c47bc75e86f545b9c1fc51b562d9bbf3,2122061,downloaded
price,DISPATCHPRICE,2021-04,https://nemweb.com.au/Data_Archive/Wholesale_Electricity/MMSDM/2021/MMSDM_2021_04/MMSDM_Historical_Data_SQLLoader/DATA/PUBLIC_DVD_DISPATCHPRICE_202104010000.zip,2026-08-23T05:07:52.528185+00:00,data/raw/aemo_history/price/2021-04.zip,5255312ce7fa3403d270d405353e7f7652bd0bf50fda25385cd09d4f930aa7b9,2054608,downloaded
price,DISPATCHPRICE,2021-05,https://nemweb.com.au/Data_Archive/Wholesale_Electricity/MMSDM/2021/MMSDM_2021_05/MMSDM_Historical_Data_SQLLoader/DATA/PUBLIC_DVD_DISPATCHPRICE_202105010000.zip,2026-08-23T05:07:58.011332+00:00,data/raw/aemo_history/price/2021-05.zip,ada4235a13d94a95d2aae8253bb7674491efd84201d414c3ac9874b76ab5660e,2160977,downloaded
price,DISPATCHPRICE,2021-06,https://nemweb.com.au/Data_Archive/Wholesale_Electricity/MMSDM/2021/MMSDM_2021_06/MMSDM_Historical_Data_SQLLoader/DATA/PUBLIC_DVD_DISPATCHPRICE_202106010000.zip,2026-08-23T05:08:03.057807+00:00,data/raw/aemo_history/price/2021-06.zip,c7618bc977af3507d998f72b085d4478d34b3a3a3050240b43a1f65bf2988641,2131978,downloaded
price,DISPATCHPRICE,2021-07,https://nemweb.com.au/Data_Archive/Wholesale_Electricity/MMSDM/2021/MMSDM_2021_07/MMSDM_Historical_Data_SQLLoader/DATA/PUBLIC_DVD_DISPATCHPRICE_202107010000.zip,2026-08-23T05:08:08.773811+00:00,data/raw/aemo_history/price/2021-07.zip,188b95d0f29104a8b396bb0db216ec57c8d8c35986fa7e7dd00107ac14567b4a,2235210,downloaded
price,DISPATCHPRICE,2021-08,https://nemweb.com.au/Data_Archive/Wholesale_Electricity/MMSDM/2021/MMSDM_2021_08/MMSDM_Historical_Data_SQLLoader/DATA/PUBLIC_DVD_DISPATCHPRICE_202108010000.zip,2026-08-23T05:08:13.756310+00:00,data/raw/aemo_history/price/2021-08.zip,50e385214eeace2656c8f0a9a8210b74cfc04f6855cd5aa936d5e669ce9b7d09,2118590,downloaded
price,DISPATCHPRICE,2021-09,https://nemweb.com.au/Data_Archive/Wholesale_Electricity/MMSDM/2021/MMSDM_2021_09/MMSDM_Historical_Data_SQLLoader/DATA/PUBLIC_DVD_DISPATCHPRICE_202109010000.zip,2026-08-23T05:08:18.942700+00:00,data/raw/aemo_history/price/2021-09.zip,233b55e728cdfbe8e20811c8ad1cb373695cd277241e070c9c55acb64aefc41f,2252979,downloaded
price,DISPATCHPRICE,2021-10,https://nemweb.com.au/Data_Archive/Wholesale_Electricity/MMSDM/2021/MMSDM_2021_10/MMSDM_Historical_Data_SQLLoader/DATA/PUBLIC_DVD_DISPATCHPRICE_202110010000.zip,2026-08-23T05:08:23.694206+00:00,data/raw/aemo_history/price/2021-10.zip,d44cd57a25af1a2bccfe61fedcd031ba26ee08f6136d5f950f52f45144c49ea5,2142104,downloaded
price,DISPATCHPRICE,2021-11,https://nemweb.com.au/Data_Archive/Wholesale_Electricity/MMSDM/2021/MMSDM_2021_11/MMSDM_Historical_Data_SQLLoader/DATA/PUBLIC_DVD_DISPATCHPRICE_202111010000.zip,2026-08-23T05:08:28.569793+00:00,data/raw/aemo_history/price/2021-11.zip,683b2035050a67c2dfe6b88f180518e6381a2d79a30dbcf801d07a6053e9d310,2029601,downloaded
price,DISPATCHPRICE,2021-12,https://nemweb.com.au/Data_Archive/Wholesale_Electricity/MMSDM/2021/MMSDM_2021_12/MMSDM_Historical_Data_SQLLoader/DATA/PUBLIC_DVD_DISPATCHPRICE_202112010000.zip,2026-08-23T05:08:33.275595+00:00,data/raw/aemo_history/price/2021-12.zip,159e388acbcc24d9f29e58449eb72ed320b0a2e6e0351ea041981f567216ea7b,1862571,downloaded
price,DISPATCHPRICE,2022-01,https://nemweb.com.au/Data_Archive/Wholesale_Electricity/MMSDM/2022/MMSDM_2022_01/MMSDM_Historical_Data_SQLLoader/DATA/PUBLIC_DVD_DISPATCHPRICE_202201010000.zip,2026-08-23T05:08:39.128245+00:00,data/raw/aemo_history/price/2022-01.zip,c81dc510b5bdf5cb38289efd8024f267a84e9c68af8fa6f55b5b66ff7aa2bbfb,1755736,downloaded
price,DISPATCHPRICE,2022-02,https://nemweb.com.au/Data_Archive/Wholesale_Electricity/MMSDM/2022/MMSDM_2022_02/MMSDM_Historical_Data_SQLLoader/DATA/PUBLIC_DVD_DISPATCHPRICE_202202010000.zip,2026-08-23T05:08:43.756152+00:00,data/raw/aemo_history/price/2022-02.zip,c7c2894e2540df09fe76862df89116abe248d3fafef72932ce67edc5b510316f,1725795,downloaded
price,DISPATCHPRICE,2022-03,https://nemweb.com.au/Data_Archive/Wholesale_Electricity/MMSDM/2022/MMSDM_2022_03/MMSDM_Historical_Data_SQLLoader/DATA/PUBLIC_DVD_DISPATCHPRICE_202203010000.zip,2026-08-23T05:08:48.132158+00:00,data/raw/aemo_history/price/2022-03.zip,39d49675bae47f52911cc42dd26cf2e111a86484d01c6c7db29497110a32ffaf,1904457,downloaded
price,DISPATCHPRICE,2022-04,https://nemweb.com.au/Data_Archive/Wholesale_Electricity/MMSDM/2022/MMSDM_2022_04/MMSDM_Historical_Data_SQLLoader/DATA/PUBLIC_DVD_DISPATCHPRICE_202204010000.zip,2026-08-23T05:08:52.817627+00:00,data/raw/aemo_history/price/2022-04.zip,da23031c085948d1ca85dfeddd25965e10ad1f8d29f58e74f6029e7c1cc0ddc9,1847544,downloaded
price,DISPATCHPRICE,2022-05,https://nemweb.com.au/Data_Archive/Wholesale_Electricity/MMSDM/2022/MMSDM_2022_05/MMSDM_Historical_Data_SQLLoader/DATA/PUBLIC_DVD_DISPATCHPRICE_202205010000.zip,2026-08-23T05:08:59.876614+00:00,data/raw/aemo_history/price/2022-05.zip,b068c41e1c35191a631f996529230aa126bcdd67e09eb988ead0c8017257b30f,1947459,downloaded
price,DISPATCHPRICE,2022-06,https://nemweb.com.au/Data_Archive/Wholesale_Electricity/MMSDM/2022/MMSDM_2022_06/MMSDM_Historical_Data_SQLLoader/DATA/PUBLIC_DVD_DISPATCHPRICE_202206010000.zip,2026-08-23T05:09:05.048068+00:00,data/raw/aemo_history/price/2022-06.zip,f62b069ca97c585b5e36d07570d02a545dfcde201f9e67ce40a38c3b8b345721,2420441,downloaded
price,DISPATCHPRICE,2022-07,https://nemweb.com.au/Data_Archive/Wholesale_Electricity/MMSDM/2022/MMSDM_2022_07/MMSDM_Historical_Data_SQLLoader/DATA/PUBLIC_DVD_DISPATCHPRICE_202207010000.zip,2026-08-23T05:09:10.087494+00:00,data/raw/aemo_history/price/2022-07.zip,db7c612b734e6bcc27c6dbfaa37d6704a96b1f57997b76b37df5baacdd3b56ea,2018149,downloaded
price,DISPATCHPRICE,2022-08,https://nemweb.com.au/Data_Archive/Wholesale_Electricity/MMSDM/2022/MMSDM_2022_08/MMSDM_Historical_Data_SQLLoader/DATA/PUBLIC_DVD_DISPATCHPRICE_202208010000.zip,2026-08-23T05:09:14.917036+00:00,data/raw/aemo_history/price/2022-08.zip,c4edce6b1838e8a47a577e6bf2c869ecef9473a9ae4fce0cf165ebdc82d4f1da,1973146,downloaded
price,DISPATCHPRICE,2022-09,https://nemweb.com.au/Data_Archive/Wholesale_Electricity/MMSDM/2022/MMSDM_2022_09/MMSDM_Historical_Data_SQLLoader/DATA/PUBLIC_DVD_DISPATCHPRICE_202209010000.zip,2026-08-23T05:09:20.125603+00:00,data/raw/aemo_history/price/2022-09.zip,cd1873eb8d4db82183f932411293ec5ab58a0baefb1feee64be5d601cdcd43c9,1938227,downloaded
price,DISPATCHPRICE,2022-10,https://nemweb.com.au/Data_Archive/Wholesale_Electricity/MMSDM/2022/MMSDM_2022_10/MMSDM_Historical_Data_SQLLoader/DATA/PUBLIC_DVD_DISPATCHPRICE_202210010000.zip,2026-08-23T05:09:25.672418+00:00,data/raw/aemo_history/price/2022-10.zip,376d3c6610a6a68d8c83cccd578b2bf055c48044300c23f8b08bfd0bb0ebd6aa,1692392,downloaded
price,DISPATCHPRICE,2022-11,https://nemweb.com.au/Data_Archive/Wholesale_Electricity/MMSDM/2022/MMSDM_2022_11/MMSDM_Historical_Data_SQLLoader/DATA/PUBLIC_DVD_DISPATCHPRICE_202211010000.zip,2026-08-23T05:09:31.073916+00:00,data/raw/aemo_history/price/2022-11.zip,58ba5012f2dc725a3102de04a9b571cf324fa4d67c5a90096aa8d6ad52fed4da,1958930,downloaded
price,DISPATCHPRICE,2022-12,https://nemweb.com.au/Data_Archive/Wholesale_Electricity/MMSDM/2022/MMSDM_2022_12/MMSDM_Historical_Data_SQLLoader/DATA/PUBLIC_DVD_DISPATCHPRICE_202212010000.zip,2026-08-23T05:09:37.482843+00:00,data/raw/aemo_history/price/2022-12.zip,1cecb5c5acc8adc2d22b6fecc279701e84ea86b506590dab99d381c1678408f5,1703361,downloaded
price,DISPATCHPRICE,2023-01,https://nemweb.com.au/Data_Archive/Wholesale_Electricity/MMSDM/2023/MMSDM_2023_01/MMSDM_Historical_Data_SQLLoader/DATA/PUBLIC_DVD_DISPATCHPRICE_202301010000.zip,2026-08-23T05:09:43.620153+00:00,data/raw/aemo_history/price/2023-01.zip,31d8f8a61a26810758106276f459bce45aa35e5bbae3f028667dc0f46c3975dc,1708540,downloaded
price,DISPATCHPRICE,2023-02,https://nemweb.com.au/Data_Archive/Wholesale_Electricity/MMSDM/2023/MMSDM_2023_02/MMSDM_Historical_Data_SQLLoader/DATA/PUBLIC_DVD_DISPATCHPRICE_202302010000.zip,2026-08-23T05:09:49.955474+00:00,data/raw/aemo_history/price/2023-02.zip,03ed17d94d3075ee2f3f4d65d5945c8906a71c3cd9e45b463b5e42020f08f99f,1516616,downloaded
price,DISPATCHPRICE,2023-03,https://nemweb.com.au/Data_Archive/Wholesale_Electricity/MMSDM/2023/MMSDM_2023_03/MMSDM_Historical_Data_SQLLoader/DATA/PUBLIC_DVD_DISPATCHPRICE_202303010000.zip,2026-08-23T05:09:55.211873+00:00,data/raw/aemo_history/price/2023-03.zip,63c7d2aef6bf9713cc543df7db067148ae4c90832494be650d0fa65a43f4fbd6,1835877,downloaded
price,DISPATCHPRICE,2023-04,https://nemweb.com.au/Data_Archive/Wholesale_Electricity/MMSDM/2023/MMSDM_2023_04/MMSDM_Historical_Data_SQLLoader/DATA/PUBLIC_DVD_DISPATCHPRICE_202304010000.zip,2026-08-23T05:10:00.247204+00:00,data/raw/aemo_history/price/2023-04.zip,f1c0213d773c39340ca8ebb59d71d24deb5859a10a1813919f40ac7c32c9c8e3,1687096,downloaded
price,DISPATCHPRICE,2023-05,https://nemweb.com.au/Data_Archive/Wholesale_Electricity/MMSDM/2023/MMSDM_2023_05/MMSDM_Historical_Data_SQLLoader/DATA/PUBLIC_DVD_DISPATCHPRICE_202305010000.zip,2026-08-23T05:10:05.617794+00:00,data/raw/aemo_history/price/2023-05.zip,346e3813d28e451815899428a41abda24a979ec444edcf843470fc8a80fbf4db,1859167,downloaded
price,DISPATCHPRICE,2023-06,https://nemweb.com.au/Data_Archive/Wholesale_Electricity/MMSDM/2023/MMSDM_2023_06/MMSDM_Historical_Data_SQLLoader/DATA/PUBLIC_DVD_DISPATCHPRICE_202306010000.zip,2026-08-23T05:10:10.976576+00:00,data/raw/aemo_history/price/2023-06.zip,9ce3e538c2810e5208b9e8382e7da952fda5e245f3aa0e67bb164589b9bc62c1,1660103,downloaded
price,DISPATCHPRICE,2023-07,https://nemweb.com.au/Data_Archive/Wholesale_Electricity/MMSDM/2023/MMSDM_2023_07/MMSDM_Historical_Data_SQLLoader/DATA/PUBLIC_DVD_DISPATCHPRICE_202307010000.zip,2026-08-23T05:10:16.501924+00:00,data/raw/aemo_history/price/2023-07.zip,d79605fdec367fcc09089749a12b824468ef294ec5d00e15fe2d8d08b736e0b1,1689853,downloaded
price,DISPATCHPRICE,2023-08,https://nemweb.com.au/Data_Archive/Wholesale_Electricity/MMSDM/2023/MMSDM_2023_08/MMSDM_Historical_Data_SQLLoader/DATA/PUBLIC_DVD_DISPATCHPRICE_202308010000.zip,2026-08-23T05:10:21.839246+00:00,data/raw/aemo_history/price/2023-08.zip,0e3b85dfc89e148a93c25eab8e46eff5a4e0a609d6c33621eea0ed903476be88,1795685,downloaded
price,DISPATCHPRICE,2023-09,https://nemweb.com.au/Data_Archive/Wholesale_Electricity/MMSDM/2023/MMSDM_2023_09/MMSDM_Historical_Data_SQLLoader/DATA/PUBLIC_DVD_DISPATCHPRICE_202309010000.zip,2026-08-23T05:10:26.799648+00:00,data/raw/aemo_history/price/2023-09.zip,01e96cb913803d96e32cb9e62df3af7a67a59616037e929e7af57596be690c2f,1753239,downloaded
price,DISPATCHPRICE,2023-10,https://nemweb.com.au/Data_Archive/Wholesale_Electricity/MMSDM/2023/MMSDM_2023_10/MMSDM_Historical_Data_SQLLoader/DATA/PUBLIC_DVD_DISPATCHPRICE_202310010000.zip,2026-08-23T05:10:31.265469+00:00,data/raw/aemo_history/price/2023-10.zip,bc6f0f749da2d2580935931ff52298ab545ff173afad7710b31f7ed3e5fef339,1836728,downloaded
price,DISPATCHPRICE,2023-11,https://nemweb.com.au/Data_Archive/Wholesale_Electricity/MMSDM/2023/MMSDM_2023_11/MMSDM_Historical_Data_SQLLoader/DATA/PUBLIC_DVD_DISPATCHPRICE_202311010000.zip,2026-08-23T05:10:36.814000+00:00,data/raw/aemo_history/price/2023-11.zip,2f403a733486fae3fdd925356186fee8b34dcbd449afab6a4bca6cf313139877,1681200,downloaded
price,DISPATCHPRICE,2023-12,https://nemweb.com.au/Data_Archive/Wholesale_Electricity/MMSDM/2023/MMSDM_2023_12/MMSDM_Historical_Data_SQLLoader/DATA/PUBLIC_DVD_DISPATCHPRICE_202312010000.zip,2026-08-23T05:10:41.783465+00:00,data/raw/aemo_history/price/2023-12.zip,ca6e897b04b4322be10e9a11c047586738f065b78921040921083f769ffc002c,1557674,downloaded
price,DISPATCHPRICE,2024-01,https://nemweb.com.au/Data_Archive/Wholesale_Electricity/MMSDM/2024/MMSDM_2024_01/MMSDM_Historical_Data_SQLLoader/DATA/PUBLIC_DVD_DISPATCHPRICE_202401010000.zip,2026-08-23T05:10:46.701925+00:00,data/raw/aemo_history/price/2024-01.zip,a519ca164ebd25998cd5b7740df3e80f92c938595508d95c7e6c0bcdacaab5ff,1584114,downloaded
price,DISPATCHPRICE,2024-02,https://nemweb.com.au/Data_Archive/Wholesale_Electricity/MMSDM/2024/MMSDM_2024_02/MMSDM_Historical_Data_SQLLoader/DATA/PUBLIC_DVD_DISPATCHPRICE_202402010000.zip,2026-08-23T05:10:51.542562+00:00,data/raw/aemo_history/price/2024-02.zip,c523a66c3f68896ea620dd327d71a7b600970bdbcf94a1e1530bb784c5cfed68,1513215,downloaded
price,DISPATCHPRICE,2024-03,https://nemweb.com.au/Data_Archive/Wholesale_Electricity/MMSDM/2024/MMSDM_2024_03/MMSDM_Historical_Data_SQLLoader/DATA/PUBLIC_DVD_DISPATCHPRICE_202403010000.zip,2026-08-23T05:10:56.772577+00:00,data/raw/aemo_history/price/2024-03.zip,6b82ab6a0c7524b24efb2b755248ee95176c0f0294ab755637939f15ce7bf768,1573399,downloaded
price,DISPATCHPRICE,2024-04,https://nemweb.com.au/Data_Archive/Wholesale_Electricity/MMSDM/2024/MMSDM_2024_04/MMSDM_Historical_Data_SQLLoader/DATA/PUBLIC_DVD_DISPATCHPRICE_202404010000.zip,2026-08-23T05:11:02.511211+00:00,data/raw/aemo_history/price/2024-04.zip,2ebbcba964e8e15442ef86ce583ca726a375c4d757366cb3af91f00a4eb3e4e4,1531444,downloaded
price,DISPATCHPRICE,2024-05,https://nemweb.com.au/Data_Archive/Wholesale_Electricity/MMSDM/2024/MMSDM_2024_05/MMSDM_Historical_Data_SQLLoader/DATA/PUBLIC_DVD_DISPATCHPRICE_202405010000.zip,2026-08-23T05:11:06.862677+00:00,data/raw/aemo_history/price/2024-05.zip,7f712d805651b6cc7c3142075ccd4e84d91c84d5821a4aaae79dbe9eb3b2e3eb,1870067,downloaded
price,DISPATCHPRICE,2024-06,https://nemweb.com.au/Data_Archive/Wholesale_Electricity/MMSDM/2024/MMSDM_2024_06/MMSDM_Historical_Data_SQLLoader/DATA/PUBLIC_DVD_DISPATCHPRICE_202406010000.zip,2026-08-23T05:11:11.861729+00:00,data/raw/aemo_history/price/2024-06.zip,93a778424246491dd482425f8d71470d2a2cd9045e573c800cfb441e05f0c415,1809746,downloaded
price,DISPATCHPRICE,2024-07,https://nemweb.com.au/Data_Archive/Wholesale_Electricity/MMSDM/2024/MMSDM_2024_07/MMSDM_Historical_Data_SQLLoader/DATA/PUBLIC_DVD_DISPATCHPRICE_202407010000.zip,2026-08-23T05:11:17.826817+00:00,data/raw/aemo_history/price/2024-07.zip,cad08133808694dde84da237d250c7747d334cd6de1484e1cc225298bace7037,1703588,downloaded
price,DISPATCHPRICE,2024-08,https://nemweb.com.au/Data_Archive/Wholesale_Electricity/MMSDM/2024/MMSDM_2024_08/MMSDM_Historical_Data_SQLLoader/DATA/PUBLIC_ARCHIVE%23DISPATCHPRICE%23FILE01%23202408010000.zip,2026-08-23T05:11:22.585600+00:00,data/raw/aemo_history/price/2024-08.zip,7066cce8ffc1ba0bfdfaa61d1d0bff3b34100a87df07a3f8b05e23913a57a253,2297410,downloaded
price,DISPATCHPRICE,2024-09,https://nemweb.com.au/Data_Archive/Wholesale_Electricity/MMSDM/2024/MMSDM_2024_09/MMSDM_Historical_Data_SQLLoader/DATA/PUBLIC_ARCHIVE%23DISPATCHPRICE%23FILE01%23202409010000.zip,2026-08-23T05:11:27.669250+00:00,data/raw/aemo_history/price/2024-09.zip,3ad101a82181c4394a08cecd532003423129b6bb3a182c2a9e32b3356cafb313,2200223,downloaded
price,DISPATCHPRICE,2024-10,https://nemweb.com.au/Data_Archive/Wholesale_Electricity/MMSDM/2024/MMSDM_2024_10/MMSDM_Historical_Data_SQLLoader/DATA/PUBLIC_ARCHIVE%23DISPATCHPRICE%23FILE01%23202410010000.zip,2026-08-23T05:11:34.052139+00:00,data/raw/aemo_history/price/2024-10.zip,4d926848904278971554e934fa6ca9c54e15ad3e991cbd19e6f5d353c32a804e,2379378,downloaded
price,DISPATCHPRICE,2024-11,https://nemweb.com.au/Data_Archive/Wholesale_Electricity/MMSDM/2024/MMSDM_2024_11/MMSDM_Historical_Data_SQLLoader/DATA/PUBLIC_ARCHIVE%23DISPATCHPRICE%23FILE01%23202411010000.zip,2026-08-23T05:11:40.374470+00:00,data/raw/aemo_history/price/2024-11.zip,a8eb548ef8bbf856aeecad3fad71890984969a59e9114a7fd90b9dfa586cc900,2240490,downloaded
price,DISPATCHPRICE,2024-12,https://nemweb.com.au/Data_Archive/Wholesale_Electricity/MMSDM/2024/MMSDM_2024_12/MMSDM_Historical_Data_SQLLoader/DATA/PUBLIC_ARCHIVE%23DISPATCHPRICE%23FILE01%23202412010000.zip,2026-08-23T05:11:45.277741+00:00,data/raw/aemo_history/price/2024-12.zip,5602df252a1f4768925b0445b6b2a2960fb236fa785ce329c310d8237a503945,2140354,downloaded
price,DISPATCHPRICE,2025-01,https://nemweb.com.au/Data_Archive/Wholesale_Electricity/MMSDM/2025/MMSDM_2025_01/MMSDM_Historical_Data_SQLLoader/DATA/PUBLIC_ARCHIVE%23DISPATCHPRICE%23FILE01%23202501010000.zip,2026-08-23T05:11:50.814096+00:00,data/raw/aemo_history/price/2025-01.zip,b48fb70ed4a9324a35d11f489dc2426a4be25897db763060ff3cd786e42f7adb,2083543,downloaded
price,DISPATCHPRICE,2025-02,https://nemweb.com.au/Data_Archive/Wholesale_Electricity/MMSDM/2025/MMSDM_2025_02/MMSDM_Historical_Data_SQLLoader/DATA/PUBLIC_ARCHIVE%23DISPATCHPRICE%23FILE01%23202502010000.zip,2026-08-23T05:11:57.494220+00:00,data/raw/aemo_history/price/2025-02.zip,a076493a06195c65d182a4ae1113feb18a83f36cf8344f09cb4a800f1cb98e8b,1832344,downloaded
price,DISPATCHPRICE,2025-03,https://nemweb.com.au/Data_Archive/Wholesale_Electricity/MMSDM/2025/MMSDM_2025_03/MMSDM_Historical_Data_SQLLoader/DATA/PUBLIC_ARCHIVE%23DISPATCHPRICE%23FILE01%23202503010000.zip,2026-08-23T05:12:02.868834+00:00,data/raw/aemo_history/price/2025-03.zip,0c1e50d56070ea43b97894e1bf04f69cd09cf37cfa83a50dd422fbc38caf94d0,2042616,downloaded
price,DISPATCHPRICE,2025-04,https://nemweb.com.au/Data_Archive/Wholesale_Electricity/MMSDM/2025/MMSDM_2025_04/MMSDM_Historical_Data_SQLLoader/DATA/PUBLIC_ARCHIVE%23DISPATCHPRICE%23FILE01%23202504010000.zip,2026-08-23T05:12:07.469403+00:00,data/raw/aemo_history/price/2025-04.zip,7e962dbb0cb6d1a6f3d5e6c661b819dd0e2d754e1d3de9197244f0a0f34fd8c8,1958079,downloaded
price,DISPATCHPRICE,2025-05,https://nemweb.com.au/Data_Archive/Wholesale_Electricity/MMSDM/2025/MMSDM_2025_05/MMSDM_Historical_Data_SQLLoader/DATA/PUBLIC_ARCHIVE%23DISPATCHPRICE%23FILE01%23202505010000.zip,2026-08-23T05:12:14.211981+00:00,data/raw/aemo_history/price/2025-05.zip,4774497dfc619b6233709cd5d605f9d1cc2c1ff96d3474afa1b4bd410e4632e0,2083697,downloaded
price,DISPATCHPRICE,2025-06,https://nemweb.com.au/Data_Archive/Wholesale_Electricity/MMSDM/2025/MMSDM_2025_06/MMSDM_Historical_Data_SQLLoader/DATA/PUBLIC_ARCHIVE%23DISPATCHPRICE%23FILE01%23202506010000.zip,2026-08-23T05:12:20.488698+00:00,data/raw/aemo_history/price/2025-06.zip,64863dd14a19cc01fdd7083bbbd6b26deb33ff9f296a123a139dd56fd1657c1e,1958539,downloaded
region,DISPATCHREGIONSUM,2019-07,https://nemweb.com.au/Data_Archive/Wholesale_Electricity/MMSDM/2019/MMSDM_2019_07/MMSDM_Historical_Data_SQLLoader/DATA/PUBLIC_DVD_DISPATCHREGIONSUM_201907010000.zip,2026-08-23T03:26:16.588624+00:00,data/raw/aemo_history/region/2019-07.zip,e85776baaeed7af06d4ddf5956b398379251c089537fc7544a723922d0c784ec,4928165,downloaded
region,DISPATCHREGIONSUM,2019-08,https://nemweb.com.au/Data_Archive/Wholesale_Electricity/MMSDM/2019/MMSDM_2019_08/MMSDM_Historical_Data_SQLLoader/DATA/PUBLIC_DVD_DISPATCHREGIONSUM_201908010000.zip,2026-08-23T03:26:26.865241+00:00,data/raw/aemo_history/region/2019-08.zip,ef9de950d9e808546c54221c677d2cfaf91db0d4ac96e590022cbeab318c47d2,4830097,downloaded
region,DISPATCHREGIONSUM,2019-09,https://nemweb.com.au/Data_Archive/Wholesale_Electricity/MMSDM/2019/MMSDM_2019_09/MMSDM_Historical_Data_SQLLoader/DATA/PUBLIC_DVD_DISPATCHREGIONSUM_201909010000.zip,2026-08-23T03:26:36.584790+00:00,data/raw/aemo_history/region/2019-09.zip,a7b0d3a2a8cf329d2c13cbd86756a3be758f151213c070ef05f13153eb7ee3a7,4984690,downloaded
region,DISPATCHREGIONSUM,2019-10,https://nemweb.com.au/Data_Archive/Wholesale_Electricity/MMSDM/2019/MMSDM_2019_10/MMSDM_Historical_Data_SQLLoader/DATA/PUBLIC_DVD_DISPATCHREGIONSUM_201910010000.zip,2026-08-23T03:26:46.659594+00:00,data/raw/aemo_history/region/2019-10.zip,daf09f2b0166cf875448cf4a98dba87e017ec79a03ff8994522130c9945f65c0,5280763,downloaded
region,DISPATCHREGIONSUM,2019-11,https://nemweb.com.au/Data_Archive/Wholesale_Electricity/MMSDM/2019/MMSDM_2019_11/MMSDM_Historical_Data_SQLLoader/DATA/PUBLIC_DVD_DISPATCHREGIONSUM_201911010000.zip,2026-08-23T03:26:57.317416+00:00,data/raw/aemo_history/region/2019-11.zip,e7f1266c669731dec229cc60c9fc0af7fdc994b2352bd41d4f289e9efd8072c8,5275757,downloaded
region,DISPATCHREGIONSUM,2019-12,https://nemweb.com.au/Data_Archive/Wholesale_Electricity/MMSDM/2019/MMSDM_2019_12/MMSDM_Historical_Data_SQLLoader/DATA/PUBLIC_DVD_DISPATCHREGIONSUM_201912010000.zip,2026-08-23T03:27:07.604880+00:00,data/raw/aemo_history/region/2019-12.zip,f55d82db2fe96fccf571b3579256a6e7bad5a8cc16ff9c18392d5119c568c897,4991046,downloaded
region,DISPATCHREGIONSUM,2020-01,https://nemweb.com.au/Data_Archive/Wholesale_Electricity/MMSDM/2020/MMSDM_2020_01/MMSDM_Historical_Data_SQLLoader/DATA/PUBLIC_DVD_DISPATCHREGIONSUM_202001010000.zip,2026-08-23T03:27:17.881396+00:00,data/raw/aemo_history/region/2020-01.zip,eee9880768d14b4ccc8b7c83391596b5274b9da1a7706f0828c357602cd79f6f,4523634,downloaded
region,DISPATCHREGIONSUM,2020-02,https://nemweb.com.au/Data_Archive/Wholesale_Electricity/MMSDM/2020/MMSDM_2020_02/MMSDM_Historical_Data_SQLLoader/DATA/PUBLIC_DVD_DISPATCHREGIONSUM_202002010000.zip,2026-08-23T03:27:27.825006+00:00,data/raw/aemo_history/region/2020-02.zip,6b3fac287be5b904daf3d93623e4a6febf04c8d73c93b86b306f5a67278be81a,4637675,downloaded
region,DISPATCHREGIONSUM,2020-03,https://nemweb.com.au/Data_Archive/Wholesale_Electricity/MMSDM/2020/MMSDM_2020_03/MMSDM_Historical_Data_SQLLoader/DATA/PUBLIC_DVD_DISPATCHREGIONSUM_202003010000.zip,2026-08-23T03:27:38.844770+00:00,data/raw/aemo_history/region/2020-03.zip,d348c9f91f8b4a5cd0fe4f9061867c59feadf4fc310ad7edb8792d989819e979,4508477,downloaded
region,DISPATCHREGIONSUM,2020-04,https://nemweb.com.au/Data_Archive/Wholesale_Electricity/MMSDM/2020/MMSDM_2020_04/MMSDM_Historical_Data_SQLLoader/DATA/PUBLIC_DVD_DISPATCHREGIONSUM_202004010000.zip,2026-08-23T03:27:49.077289+00:00,data/raw/aemo_history/region/2020-04.zip,b1dd6a56683aa1156c8ee61f83352041e5371305b3293c8dd9b886b2ce2bc6c1,4404124,downloaded
region,DISPATCHREGIONSUM,2020-05,https://nemweb.com.au/Data_Archive/Wholesale_Electricity/MMSDM/2020/MMSDM_2020_05/MMSDM_Historical_Data_SQLLoader/DATA/PUBLIC_DVD_DISPATCHREGIONSUM_202005010000.zip,2026-08-23T03:27:59.735389+00:00,data/raw/aemo_history/region/2020-05.zip,8aa79ca3096d7f56ef14f1ed4407d7e0ce4dfbe91c80c4daf57c499601dacbd7,4550916,downloaded
region,DISPATCHREGIONSUM,2020-06,https://nemweb.com.au/Data_Archive/Wholesale_Electricity/MMSDM/2020/MMSDM_2020_06/MMSDM_Historical_Data_SQLLoader/DATA/PUBLIC_DVD_DISPATCHREGIONSUM_202006010000.zip,2026-08-23T03:28:11.356342+00:00,data/raw/aemo_history/region/2020-06.zip,f221c1ddebe92a1c57b74a1682c2b4bc5aa883aa2a8d75302fe63cbb3a29b698,4353286,downloaded
region,DISPATCHREGIONSUM,2020-07,https://nemweb.com.au/Data_Archive/Wholesale_Electricity/MMSDM/2020/MMSDM_2020_07/MMSDM_Historical_Data_SQLLoader/DATA/PUBLIC_DVD_DISPATCHREGIONSUM_202007010000.zip,2026-08-23T03:28:22.421417+00:00,data/raw/aemo_history/region/2020-07.zip,0b0cfabe8228aef6b5edddbfbe5ab5b124aec6cc4f5180e1934548ab7c4e113b,4582322,downloaded
region,DISPATCHREGIONSUM,2020-08,https://nemweb.com.au/Data_Archive/Wholesale_Electricity/MMSDM/2020/MMSDM_2020_08/MMSDM_Historical_Data_SQLLoader/DATA/PUBLIC_DVD_DISPATCHREGIONSUM_202008010000.zip,2026-08-23T03:28:33.525025+00:00,data/raw/aemo_history/region/2020-08.zip,af751ee538beda3c46e7d977b6ccf8add7132f40591caf5f151c60fe4af68fd4,4650480,downloaded
region,DISPATCHREGIONSUM,2020-09,https://nemweb.com.au/Data_Archive/Wholesale_Electricity/MMSDM/2020/MMSDM_2020_09/MMSDM_Historical_Data_SQLLoader/DATA/PUBLIC_DVD_DISPATCHREGIONSUM_202009010000.zip,2026-08-23T03:28:44.216471+00:00,data/raw/aemo_history/region/2020-09.zip,9495c19d405187205fe919f133ae965ac948bb17ee9e83383c609fcfa682694d,5169087,downloaded
region,DISPATCHREGIONSUM,2020-10,https://nemweb.com.au/Data_Archive/Wholesale_Electricity/MMSDM/2020/MMSDM_2020_10/MMSDM_Historical_Data_SQLLoader/DATA/PUBLIC_DVD_DISPATCHREGIONSUM_202010010000.zip,2026-08-23T03:28:54.739428+00:00,data/raw/aemo_history/region/2020-10.zip,277e3f99197a8d787af40f0a1019c18f9f110bacc2842c3f671142d0df1cdc2d,5188468,downloaded
region,DISPATCHREGIONSUM,2020-11,https://nemweb.com.au/Data_Archive/Wholesale_Electricity/MMSDM/2020/MMSDM_2020_11/MMSDM_Historical_Data_SQLLoader/DATA/PUBLIC_DVD_DISPATCHREGIONSUM_202011010000.zip,2026-08-23T03:29:05.800248+00:00,data/raw/aemo_history/region/2020-11.zip,33ef91495edde4730ad6273c89cf888ef9f8b26b8a99eed819382cf7faaf8e05,5296373,downloaded
region,DISPATCHREGIONSUM,2020-12,https://nemweb.com.au/Data_Archive/Wholesale_Electricity/MMSDM/2020/MMSDM_2020_12/MMSDM_Historical_Data_SQLLoader/DATA/PUBLIC_DVD_DISPATCHREGIONSUM_202012010000.zip,2026-08-23T03:29:17.311467+00:00,data/raw/aemo_history/region/2020-12.zip,254491782c248d0950ad39fe1856e433cbbdc9425e9ee7ad642b71d4c76a3fca,5516610,downloaded
region,DISPATCHREGIONSUM,2021-01,https://nemweb.com.au/Data_Archive/Wholesale_Electricity/MMSDM/2021/MMSDM_2021_01/MMSDM_Historical_Data_SQLLoader/DATA/PUBLIC_DVD_DISPATCHREGIONSUM_202101010000.zip,2026-08-23T03:29:28.873444+00:00,data/raw/aemo_history/region/2021-01.zip,48ef86b7058514609845d17059438ba81481cdb9b92e9d5e57d28341211b77d3,5466409,downloaded
region,DISPATCHREGIONSUM,2021-02,https://nemweb.com.au/Data_Archive/Wholesale_Electricity/MMSDM/2021/MMSDM_2021_02/MMSDM_Historical_Data_SQLLoader/DATA/PUBLIC_DVD_DISPATCHREGIONSUM_202102010000.zip,2026-08-23T03:29:39.937906+00:00,data/raw/aemo_history/region/2021-02.zip,392f73ab93d3d4347071dd1b569427e4d1add13b13b59801a26a080ba31248a8,4725221,downloaded
region,DISPATCHREGIONSUM,2021-03,https://nemweb.com.au/Data_Archive/Wholesale_Electricity/MMSDM/2021/MMSDM_2021_03/MMSDM_Historical_Data_SQLLoader/DATA/PUBLIC_DVD_DISPATCHREGIONSUM_202103010000.zip,2026-08-23T03:29:50.573411+00:00,data/raw/aemo_history/region/2021-03.zip,2bceef3d0ca9e19a3ecdc3fab1c9d5dad0a55fc61f471e6457717eddf7dd264b,5428684,downloaded
region,DISPATCHREGIONSUM,2021-04,https://nemweb.com.au/Data_Archive/Wholesale_Electricity/MMSDM/2021/MMSDM_2021_04/MMSDM_Historical_Data_SQLLoader/DATA/PUBLIC_DVD_DISPATCHREGIONSUM_202104010000.zip,2026-08-23T03:30:01.650547+00:00,data/raw/aemo_history/region/2021-04.zip,11b3ff7318c8df84440f518faef25558cc7f6dbc8746d0707b9b30032d0cac58,5082572,downloaded
region,DISPATCHREGIONSUM,2021-05,https://nemweb.com.au/Data_Archive/Wholesale_Electricity/MMSDM/2021/MMSDM_2021_05/MMSDM_Historical_Data_SQLLoader/DATA/PUBLIC_DVD_DISPATCHREGIONSUM_202105010000.zip,2026-08-23T03:30:12.190594+00:00,data/raw/aemo_history/region/2021-05.zip,e8c46bfb6319524c34610957cb26d3b1dcb6d181a5276554a7523a76c16b148d,5538461,downloaded
region,DISPATCHREGIONSUM,2021-06,https://nemweb.com.au/Data_Archive/Wholesale_Electricity/MMSDM/2021/MMSDM_2021_06/MMSDM_Historical_Data_SQLLoader/DATA/PUBLIC_DVD_DISPATCHREGIONSUM_202106010000.zip,2026-08-23T03:30:22.688234+00:00,data/raw/aemo_history/region/2021-06.zip,a6f30f77a6a6bf79b2a9f0f7e1a2d0a4a6579e7c8ceb102a5fa5931c010f6fbe,5352404,downloaded
region,DISPATCHREGIONSUM,2021-07,https://nemweb.com.au/Data_Archive/Wholesale_Electricity/MMSDM/2021/MMSDM_2021_07/MMSDM_Historical_Data_SQLLoader/DATA/PUBLIC_DVD_DISPATCHREGIONSUM_202107010000.zip,2026-08-23T03:30:32.396657+00:00,data/raw/aemo_history/region/2021-07.zip,cb4518b9f669ed24a86872b987372040da4947d9017e488f53ad7997b5c71284,5655890,downloaded
region,DISPATCHREGIONSUM,2021-08,https://nemweb.com.au/Data_Archive/Wholesale_Electricity/MMSDM/2021/MMSDM_2021_08/MMSDM_Historical_Data_SQLLoader/DATA/PUBLIC_DVD_DISPATCHREGIONSUM_202108010000.zip,2026-08-23T03:30:44.841687+00:00,data/raw/aemo_history/region/2021-08.zip,96b96ed260b2fb1033d38ae21fd9a478850e225aafc3889cb4e8c97caeac8a8b,5515509,downloaded
region,DISPATCHREGIONSUM,2021-09,https://nemweb.com.au/Data_Archive/Wholesale_Electricity/MMSDM/2021/MMSDM_2021_09/MMSDM_Historical_Data_SQLLoader/DATA/PUBLIC_DVD_DISPATCHREGIONSUM_202109010000.zip,2026-08-23T03:30:55.679054+00:00,data/raw/aemo_history/region/2021-09.zip,e67ed93fea098a121188b8bffd8889b8c4f9cdd2093aeb75ffdc6cdbeaf42169,5366899,downloaded
region,DISPATCHREGIONSUM,2021-10,https://nemweb.com.au/Data_Archive/Wholesale_Electricity/MMSDM/2021/MMSDM_2021_10/MMSDM_Historical_Data_SQLLoader/DATA/PUBLIC_DVD_DISPATCHREGIONSUM_202110010000.zip,2026-08-23T03:31:06.796048+00:00,data/raw/aemo_history/region/2021-10.zip,7b2f812c17b2905bf8466d8d052b2fc30db1c6cfab1c5e7ab7d27e77448c808c,5665037,downloaded
region,DISPATCHREGIONSUM,2021-11,https://nemweb.com.au/Data_Archive/Wholesale_Electricity/MMSDM/2021/MMSDM_2021_11/MMSDM_Historical_Data_SQLLoader/DATA/PUBLIC_DVD_DISPATCHREGIONSUM_202111010000.zip,2026-08-23T03:31:17.966918+00:00,data/raw/aemo_history/region/2021-11.zip,30b2b0157d0b79f85f640da830b77668980a46b5a52a9709d3e3da0c18ffe2a6,5199272,downloaded
region,DISPATCHREGIONSUM,2021-12,https://nemweb.com.au/Data_Archive/Wholesale_Electricity/MMSDM/2021/MMSDM_2021_12/MMSDM_Historical_Data_SQLLoader/DATA/PUBLIC_DVD_DISPATCHREGIONSUM_202112010000.zip,2026-08-23T03:31:29.242621+00:00,data/raw/aemo_history/region/2021-12.zip,c17b6cd77bc745a3352497f2b8e90167c4238d745b95e42cedff978ba7b04796,5739003,downloaded
region,DISPATCHREGIONSUM,2022-01,https://nemweb.com.au/Data_Archive/Wholesale_Electricity/MMSDM/2022/MMSDM_2022_01/MMSDM_Historical_Data_SQLLoader/DATA/PUBLIC_DVD_DISPATCHREGIONSUM_202201010000.zip,2026-08-23T03:31:40.754383+00:00,data/raw/aemo_history/region/2022-01.zip,531183727d6e73feab5110a9b07bb17cef66985187e32b39ca7a34377f1b54c1,5503677,downloaded
region,DISPATCHREGIONSUM,2022-02,https://nemweb.com.au/Data_Archive/Wholesale_Electricity/MMSDM/2022/MMSDM_2022_02/MMSDM_Historical_Data_SQLLoader/DATA/PUBLIC_DVD_DISPATCHREGIONSUM_202202010000.zip,2026-08-23T03:31:52.238580+00:00,data/raw/aemo_history/region/2022-02.zip,7c9a0a64baf6c4cb26b65e7398157b67f53b7f3828764ede4f8b0e87aba37154,5164666,downloaded
region,DISPATCHREGIONSUM,2022-03,https://nemweb.com.au/Data_Archive/Wholesale_Electricity/MMSDM/2022/MMSDM_2022_03/MMSDM_Historical_Data_SQLLoader/DATA/PUBLIC_DVD_DISPATCHREGIONSUM_202203010000.zip,2026-08-23T03:32:02.809913+00:00,data/raw/aemo_history/region/2022-03.zip,dab3a08987810b47668b5284466440e000d2ac205143ea93c3ab05a3c51d9cd4,5371974,downloaded
region,DISPATCHREGIONSUM,2022-04,https://nemweb.com.au/Data_Archive/Wholesale_Electricity/MMSDM/2022/MMSDM_2022_04/MMSDM_Historical_Data_SQLLoader/DATA/PUBLIC_DVD_DISPATCHREGIONSUM_202204010000.zip,2026-08-23T03:32:13.446525+00:00,data/raw/aemo_history/region/2022-04.zip,58bff18903fc7b9cdd86f44a64990a2ec3dddfb9bfaf8a43ace15daa769aa7be,5378445,downloaded
region,DISPATCHREGIONSUM,2022-05,https://nemweb.com.au/Data_Archive/Wholesale_Electricity/MMSDM/2022/MMSDM_2022_05/MMSDM_Historical_Data_SQLLoader/DATA/PUBLIC_DVD_DISPATCHREGIONSUM_202205010000.zip,2026-08-23T03:32:24.898505+00:00,data/raw/aemo_history/region/2022-05.zip,0ea7cf5a9fdf6cdf2532b15a7abc5671ce1b0f757a79623991c1887864bdcd99,5279036,downloaded
region,DISPATCHREGIONSUM,2022-06,https://nemweb.com.au/Data_Archive/Wholesale_Electricity/MMSDM/2022/MMSDM_2022_06/MMSDM_Historical_Data_SQLLoader/DATA/PUBLIC_DVD_DISPATCHREGIONSUM_202206010000.zip,2026-08-23T03:32:36.521096+00:00,data/raw/aemo_history/region/2022-06.zip,b974bf32ecdf39c332ef336c5d25bb4bd43a5d93c53f8c7eb2ba3686511bedce,6215141,downloaded
region,DISPATCHREGIONSUM,2022-07,https://nemweb.com.au/Data_Archive/Wholesale_Electricity/MMSDM/2022/MMSDM_2022_07/MMSDM_Historical_Data_SQLLoader/DATA/PUBLIC_DVD_DISPATCHREGIONSUM_202207010000.zip,2026-08-23T03:32:49.155106+00:00,data/raw/aemo_history/region/2022-07.zip,16a8644290f83bf9d1c3c239c5b8011c206561498343079d1e2a5deadeb50dd2,5470601,downloaded
region,DISPATCHREGIONSUM,2022-08,https://nemweb.com.au/Data_Archive/Wholesale_Electricity/MMSDM/2022/MMSDM_2022_08/MMSDM_Historical_Data_SQLLoader/DATA/PUBLIC_DVD_DISPATCHREGIONSUM_202208010000.zip,2026-08-23T03:33:01.011111+00:00,data/raw/aemo_history/region/2022-08.zip,27dbcb8a46f5a55a819326b87026ef368c52fb8bc0303e3ef69636682ab1218e,5668537,downloaded
region,DISPATCHREGIONSUM,2022-09,https://nemweb.com.au/Data_Archive/Wholesale_Electricity/MMSDM/2022/MMSDM_2022_09/MMSDM_Historical_Data_SQLLoader/DATA/PUBLIC_DVD_DISPATCHREGIONSUM_202209010000.zip,2026-08-23T03:33:12.145270+00:00,data/raw/aemo_history/region/2022-09.zip,5526418efe7fc917e13c92bea20e67db50853d81338dcc2f2bfceaecab79f641,5331296,downloaded
region,DISPATCHREGIONSUM,2022-10,https://nemweb.com.au/Data_Archive/Wholesale_Electricity/MMSDM/2022/MMSDM_2022_10/MMSDM_Historical_Data_SQLLoader/DATA/PUBLIC_DVD_DISPATCHREGIONSUM_202210010000.zip,2026-08-23T03:33:23.564995+00:00,data/raw/aemo_history/region/2022-10.zip,fccc15f3519a2439b634876dde680db37819e6a2dd398bd1ea87f9be8eae5135,5315538,downloaded
region,DISPATCHREGIONSUM,2022-11,https://nemweb.com.au/Data_Archive/Wholesale_Electricity/MMSDM/2022/MMSDM_2022_11/MMSDM_Historical_Data_SQLLoader/DATA/PUBLIC_DVD_DISPATCHREGIONSUM_202211010000.zip,2026-08-23T03:33:34.411206+00:00,data/raw/aemo_history/region/2022-11.zip,5f294a24d8aaeb9ff2ffe2218ccc4c186ab87bfa41850494ba937e2e11b016d6,5293867,downloaded
region,DISPATCHREGIONSUM,2022-12,https://nemweb.com.au/Data_Archive/Wholesale_Electricity/MMSDM/2022/MMSDM_2022_12/MMSDM_Historical_Data_SQLLoader/DATA/PUBLIC_DVD_DISPATCHREGIONSUM_202212010000.zip,2026-08-23T03:33:45.891089+00:00,data/raw/aemo_history/region/2022-12.zip,802f22bc26783a7ec21336adc0931a68eccb5a1ccef1fcb01d6b7d4a72daa3f0,5223327,downloaded
region,DISPATCHREGIONSUM,2023-01,https://nemweb.com.au/Data_Archive/Wholesale_Electricity/MMSDM/2023/MMSDM_2023_01/MMSDM_Historical_Data_SQLLoader/DATA/PUBLIC_DVD_DISPATCHREGIONSUM_202301010000.zip,2026-08-23T03:34:00.154223+00:00,data/raw/aemo_history/region/2023-01.zip,b3ffc430220724b8edd45af01f1281cd0132c0bc3e37dc26400d5cf1d68587b3,4962952,downloaded
region,DISPATCHREGIONSUM,2023-02,https://nemweb.com.au/Data_Archive/Wholesale_Electricity/MMSDM/2023/MMSDM_2023_02/MMSDM_Historical_Data_SQLLoader/DATA/PUBLIC_DVD_DISPATCHREGIONSUM_202302010000.zip,2026-08-23T03:34:11.898497+00:00,data/raw/aemo_history/region/2023-02.zip,a42af6265e9954cb41e949b6e6ebf5b092a3e2acfa3ea4fa289deafdc29ba959,4493901,downloaded
region,DISPATCHREGIONSUM,2023-03,https://nemweb.com.au/Data_Archive/Wholesale_Electricity/MMSDM/2023/MMSDM_2023_03/MMSDM_Historical_Data_SQLLoader/DATA/PUBLIC_DVD_DISPATCHREGIONSUM_202303010000.zip,2026-08-23T03:34:26.851054+00:00,data/raw/aemo_history/region/2023-03.zip,ef1eb9d7d021b84548bfc795f1a26d672ebd875601606ebe9e6c1199bdb22b2b,5178648,downloaded
region,DISPATCHREGIONSUM,2023-04,https://nemweb.com.au/Data_Archive/Wholesale_Electricity/MMSDM/2023/MMSDM_2023_04/MMSDM_Historical_Data_SQLLoader/DATA/PUBLIC_DVD_DISPATCHREGIONSUM_202304010000.zip,2026-08-23T03:34:40.562745+00:00,data/raw/aemo_history/region/2023-04.zip,184182a6d0731eec08ffb221fd30243053f4ced9c844b801a4e2579a3fab69a6,4903196,downloaded
region,DISPATCHREGIONSUM,2023-05,https://nemweb.com.au/Data_Archive/Wholesale_Electricity/MMSDM/2023/MMSDM_2023_05/MMSDM_Historical_Data_SQLLoader/DATA/PUBLIC_DVD_DISPATCHREGIONSUM_202305010000.zip,2026-08-23T03:34:53.384064+00:00,data/raw/aemo_history/region/2023-05.zip,f6a7e035719296e154b10879d04ad1a367a65b7c046462e1c1b4ecf6e0065ef1,4993136,downloaded
region,DISPATCHREGIONSUM,2023-06,https://nemweb.com.au/Data_Archive/Wholesale_Electricity/MMSDM/2023/MMSDM_2023_06/MMSDM_Historical_Data_SQLLoader/DATA/PUBLIC_DVD_DISPATCHREGIONSUM_202306010000.zip,2026-08-23T03:35:04.957904+00:00,data/raw/aemo_history/region/2023-06.zip,0bc092e712961b4c2eb5f6cdf82bc0bf11a95c4e1cc19535bdcec2b6851a2713,4936952,downloaded
region,DISPATCHREGIONSUM,2023-07,https://nemweb.com.au/Data_Archive/Wholesale_Electricity/MMSDM/2023/MMSDM_2023_07/MMSDM_Historical_Data_SQLLoader/DATA/PUBLIC_DVD_DISPATCHREGIONSUM_202307010000.zip,2026-08-23T03:35:17.095520+00:00,data/raw/aemo_history/region/2023-07.zip,52b45b3cc4517c2981740371c2dc4dcffceb13f0c05742784599279f31c37785,5035167,downloaded
region,DISPATCHREGIONSUM,2023-08,https://nemweb.com.au/Data_Archive/Wholesale_Electricity/MMSDM/2023/MMSDM_2023_08/MMSDM_Historical_Data_SQLLoader/DATA/PUBLIC_DVD_DISPATCHREGIONSUM_202308010000.zip,2026-08-23T03:35:28.071638+00:00,data/raw/aemo_history/region/2023-08.zip,f299488deb7fc6986806d62bfb74fbd30d940654d1b331639e133ae7cd172b68,4901239,downloaded
region,DISPATCHREGIONSUM,2023-09,https://nemweb.com.au/Data_Archive/Wholesale_Electricity/MMSDM/2023/MMSDM_2023_09/MMSDM_Historical_Data_SQLLoader/DATA/PUBLIC_DVD_DISPATCHREGIONSUM_202309010000.zip,2026-08-23T03:35:40.919050+00:00,data/raw/aemo_history/region/2023-09.zip,bc6fa0d508f2ede930d2d3fa0feb47b578a6cd345925958a9fc517c74039f58f,4768391,downloaded
region,DISPATCHREGIONSUM,2023-10,https://nemweb.com.au/Data_Archive/Wholesale_Electricity/MMSDM/2023/MMSDM_2023_10/MMSDM_Historical_Data_SQLLoader/DATA/PUBLIC_DVD_DISPATCHREGIONSUM_202310010000.zip,2026-08-23T03:35:52.076794+00:00,data/raw/aemo_history/region/2023-10.zip,8cf567def34b338d7a328d651edfe8f7728ca6c5c57192ba8a46efb366ecd62d,5014363,downloaded
region,DISPATCHREGIONSUM,2023-11,https://nemweb.com.au/Data_Archive/Wholesale_Electricity/MMSDM/2023/MMSDM_2023_11/MMSDM_Historical_Data_SQLLoader/DATA/PUBLIC_DVD_DISPATCHREGIONSUM_202311010000.zip,2026-08-23T03:36:03.967026+00:00,data/raw/aemo_history/region/2023-11.zip,a221b9fa8ee1e0511e5a438631fb633005fdea0526eb7e8ac094fe3384bce793,4798496,downloaded
region,DISPATCHREGIONSUM,2023-12,https://nemweb.com.au/Data_Archive/Wholesale_Electricity/MMSDM/2023/MMSDM_2023_12/MMSDM_Historical_Data_SQLLoader/DATA/PUBLIC_DVD_DISPATCHREGIONSUM_202312010000.zip,2026-08-23T03:36:15.502245+00:00,data/raw/aemo_history/region/2023-12.zip,4a54f254584f45df355c1fc436546a1b95d9d4b47fb4dd33c37af19629599397,5010033,downloaded
region,DISPATCHREGIONSUM,2024-01,https://nemweb.com.au/Data_Archive/Wholesale_Electricity/MMSDM/2024/MMSDM_2024_01/MMSDM_Historical_Data_SQLLoader/DATA/PUBLIC_DVD_DISPATCHREGIONSUM_202401010000.zip,2026-08-23T03:36:27.015746+00:00,data/raw/aemo_history/region/2024-01.zip,c78ddbed93d930557ba7beef7ba3ed8f06f5f98f18016631840126d69b47b3d8,4849914,downloaded
region,DISPATCHREGIONSUM,2024-02,https://nemweb.com.au/Data_Archive/Wholesale_Electricity/MMSDM/2024/MMSDM_2024_02/MMSDM_Historical_Data_SQLLoader/DATA/PUBLIC_DVD_DISPATCHREGIONSUM_202402010000.zip,2026-08-23T03:36:38.493415+00:00,data/raw/aemo_history/region/2024-02.zip,819bd2c8398c67e2bed0f4af52e4f0dda293b54f742394989b5c827d13d08bdd,4696181,downloaded
region,DISPATCHREGIONSUM,2024-03,https://nemweb.com.au/Data_Archive/Wholesale_Electricity/MMSDM/2024/MMSDM_2024_03/MMSDM_Historical_Data_SQLLoader/DATA/PUBLIC_DVD_DISPATCHREGIONSUM_202403010000.zip,2026-08-23T03:36:50.075146+00:00,data/raw/aemo_history/region/2024-03.zip,efbf937ccc1134c4021d3dacd2f82334dc7c483b830b320c614ae6faf812e6a6,4923949,downloaded
region,DISPATCHREGIONSUM,2024-04,https://nemweb.com.au/Data_Archive/Wholesale_Electricity/MMSDM/2024/MMSDM_2024_04/MMSDM_Historical_Data_SQLLoader/DATA/PUBLIC_DVD_DISPATCHREGIONSUM_202404010000.zip,2026-08-23T03:37:00.926022+00:00,data/raw/aemo_history/region/2024-04.zip,27dc9fb1a4e3054349f20876eb04d538e51c47b22c8a9bdd593567b3429a0a81,4571235,downloaded
region,DISPATCHREGIONSUM,2024-05,https://nemweb.com.au/Data_Archive/Wholesale_Electricity/MMSDM/2024/MMSDM_2024_05/MMSDM_Historical_Data_SQLLoader/DATA/PUBLIC_DVD_DISPATCHREGIONSUM_202405010000.zip,2026-08-23T03:37:12.990095+00:00,data/raw/aemo_history/region/2024-05.zip,3644c22a6cd9b83da8bffe5303ed46b70ff90713314b3fdbe9c2d30f3f6412cd,5201241,downloaded
region,DISPATCHREGIONSUM,2024-06,https://nemweb.com.au/Data_Archive/Wholesale_Electricity/MMSDM/2024/MMSDM_2024_06/MMSDM_Historical_Data_SQLLoader/DATA/PUBLIC_DVD_DISPATCHREGIONSUM_202406010000.zip,2026-08-23T03:37:24.903924+00:00,data/raw/aemo_history/region/2024-06.zip,560f23d2ce8777b92740d2810bc4e70ed1cc0a11914483252c2e33da2ffedef3,5056153,downloaded
region,DISPATCHREGIONSUM,2024-07,https://nemweb.com.au/Data_Archive/Wholesale_Electricity/MMSDM/2024/MMSDM_2024_07/MMSDM_Historical_Data_SQLLoader/DATA/PUBLIC_DVD_DISPATCHREGIONSUM_202407010000.zip,2026-08-23T03:37:36.906611+00:00,data/raw/aemo_history/region/2024-07.zip,09a314d4f16e36763191e753f8ecff7d48be3dd7dbd7d0bc2f9817b829433087,5322891,downloaded
region,DISPATCHREGIONSUM,2024-08,https://nemweb.com.au/Data_Archive/Wholesale_Electricity/MMSDM/2024/MMSDM_2024_08/MMSDM_Historical_Data_SQLLoader/DATA/PUBLIC_ARCHIVE%23DISPATCHREGIONSUM%23FILE01%23202408010000.zip,2026-08-23T03:37:50.076213+00:00,data/raw/aemo_history/region/2024-08.zip,a65b04d980134633041613237a55455b7c834b1c061605fe08475b31b118c68d,5845889,downloaded
region,DISPATCHREGIONSUM,2024-09,https://nemweb.com.au/Data_Archive/Wholesale_Electricity/MMSDM/2024/MMSDM_2024_09/MMSDM_Historical_Data_SQLLoader/DATA/PUBLIC_ARCHIVE%23DISPATCHREGIONSUM%23FILE01%23202409010000.zip,2026-08-23T03:38:03.889654+00:00,data/raw/aemo_history/region/2024-09.zip,55d24aec074a12e365fc1d662c1fe9c4b71023809fda41d3ffdb37ffd90657e0,5685173,downloaded
region,DISPATCHREGIONSUM,2024-10,https://nemweb.com.au/Data_Archive/Wholesale_Electricity/MMSDM/2024/MMSDM_2024_10/MMSDM_Historical_Data_SQLLoader/DATA/PUBLIC_ARCHIVE%23DISPATCHREGIONSUM%23FILE01%23202410010000.zip,2026-08-23T03:38:16.446981+00:00,data/raw/aemo_history/region/2024-10.zip,9f8f2e561c640d6c7e1d7b45a4dd5c275e6fcc9f49efe0521f575973a653998c,5965328,downloaded
region,DISPATCHREGIONSUM,2024-11,https://nemweb.com.au/Data_Archive/Wholesale_Electricity/MMSDM/2024/MMSDM_2024_11/MMSDM_Historical_Data_SQLLoader/DATA/PUBLIC_ARCHIVE%23DISPATCHREGIONSUM%23FILE01%23202411010000.zip,2026-08-23T03:38:27.986375+00:00,data/raw/aemo_history/region/2024-11.zip,68afb54af860b75f81152bfa2c27bec7bb857395d713635688bd96a4fe7c9878,5831254,downloaded
region,DISPATCHREGIONSUM,2024-12,https://nemweb.com.au/Data_Archive/Wholesale_Electricity/MMSDM/2024/MMSDM_2024_12/MMSDM_Historical_Data_SQLLoader/DATA/PUBLIC_ARCHIVE%23DISPATCHREGIONSUM%23FILE01%23202412010000.zip,2026-08-23T03:38:40.910494+00:00,data/raw/aemo_history/region/2024-12.zip,8ee01732f0a28873173fcf365ee83bc4f0eef15e00a281fbaa58944fcac1a861,6093149,downloaded
region,DISPATCHREGIONSUM,2025-01,https://nemweb.com.au/Data_Archive/Wholesale_Electricity/MMSDM/2025/MMSDM_2025_01/MMSDM_Historical_Data_SQLLoader/DATA/PUBLIC_ARCHIVE%23DISPATCHREGIONSUM%23FILE01%23202501010000.zip,2026-08-23T03:38:54.310567+00:00,data/raw/aemo_history/region/2025-01.zip,07afa2d38007a4aad3d9d07fd2c6082bd637613e982de46e8dfe375d3799fa63,6123606,downloaded
region,DISPATCHREGIONSUM,2025-02,https://nemweb.com.au/Data_Archive/Wholesale_Electricity/MMSDM/2025/MMSDM_2025_02/MMSDM_Historical_Data_SQLLoader/DATA/PUBLIC_ARCHIVE%23DISPATCHREGIONSUM%23FILE01%23202502010000.zip,2026-08-23T03:39:08.615132+00:00,data/raw/aemo_history/region/2025-02.zip,d41d5a2eac0934304b2c5d849600dc5c940766db15b400b47d3c8c1c418edd63,5565370,downloaded
region,DISPATCHREGIONSUM,2025-03,https://nemweb.com.au/Data_Archive/Wholesale_Electricity/MMSDM/2025/MMSDM_2025_03/MMSDM_Historical_Data_SQLLoader/DATA/PUBLIC_ARCHIVE%23DISPATCHREGIONSUM%23FILE01%23202503010000.zip,2026-08-23T03:39:20.729909+00:00,data/raw/aemo_history/region/2025-03.zip,1db803f56f412a43897899aaa0d5988552716c1d8b7667016be1eedd11d2369f,6068882,downloaded
region,DISPATCHREGIONSUM,2025-04,https://nemweb.com.au/Data_Archive/Wholesale_Electricity/MMSDM/2025/MMSDM_2025_04/MMSDM_Historical_Data_SQLLoader/DATA/PUBLIC_ARCHIVE%23DISPATCHREGIONSUM%23FILE01%23202504010000.zip,2026-08-23T03:39:33.353259+00:00,data/raw/aemo_history/region/2025-04.zip,7aff4926cabc29758dc7b9428018db1062196721b5956d5027464b20c5b7c1b1,5835709,downloaded
region,DISPATCHREGIONSUM,2025-05,https://nemweb.com.au/Data_Archive/Wholesale_Electricity/MMSDM/2025/MMSDM_2025_05/MMSDM_Historical_Data_SQLLoader/DATA/PUBLIC_ARCHIVE%23DISPATCHREGIONSUM%23FILE01%23202505010000.zip,2026-08-23T03:39:45.724609+00:00,data/raw/aemo_history/region/2025-05.zip,89a3d7b9d793d164adeeeef7c4234f3a6a512aa63236ff0d1a3193d3d5eb5186,6069925,downloaded
region,DISPATCHREGIONSUM,2025-06,https://nemweb.com.au/Data_Archive/Wholesale_Electricity/MMSDM/2025/MMSDM_2025_06/MMSDM_Historical_Data_SQLLoader/DATA/PUBLIC_ARCHIVE%23DISPATCHREGIONSUM%23FILE01%23202506010000.zip,2026-08-23T03:39:59.682400+00:00,data/raw/aemo_history/region/2025-06.zip,08b2080b7e1e6dc91da5cd4fdfbccb9f93a156efda2cdeb80ad9c69a73d46c72,5830411,downloaded
scada,DISPATCH_UNIT_SCADA,2019-07,https://nemweb.com.au/Data_Archive/Wholesale_Electricity/MMSDM/2019/MMSDM_2019_07/MMSDM_Historical_Data_SQLLoader/DATA/PUBLIC_DVD_DISPATCH_UNIT_SCADA_201907010000.zip,2026-08-23T03:26:22.357965+00:00,data/raw/aemo_history/scada/2019-07.zip,d944825c113c78bb75a842a19baf7dbf16109a399b7cc83f2cea7b0a763935e7,14126105,downloaded
scada,DISPATCH_UNIT_SCADA,2019-08,https://nemweb.com.au/Data_Archive/Wholesale_Electricity/MMSDM/2019/MMSDM_2019_08/MMSDM_Historical_Data_SQLLoader/DATA/PUBLIC_DVD_DISPATCH_UNIT_SCADA_201908010000.zip,2026-08-23T03:26:32.213813+00:00,data/raw/aemo_history/scada/2019-08.zip,d72837b6974f54f07a4477e3545d7e78fc41e4f406c676cb2c77dc8868570645,14208922,downloaded
scada,DISPATCH_UNIT_SCADA,2019-09,https://nemweb.com.au/Data_Archive/Wholesale_Electricity/MMSDM/2019/MMSDM_2019_09/MMSDM_Historical_Data_SQLLoader/DATA/PUBLIC_DVD_DISPATCH_UNIT_SCADA_201909010000.zip,2026-08-23T03:26:41.955271+00:00,data/raw/aemo_history/scada/2019-09.zip,629737f03669095dffedfc07747458a6dd031b536ee42e0a73ddca944ebc291a,13824882,downloaded
scada,DISPATCH_UNIT_SCADA,2019-10,https://nemweb.com.au/Data_Archive/Wholesale_Electricity/MMSDM/2019/MMSDM_2019_10/MMSDM_Historical_Data_SQLLoader/DATA/PUBLIC_DVD_DISPATCH_UNIT_SCADA_201910010000.zip,2026-08-23T03:26:53.090072+00:00,data/raw/aemo_history/scada/2019-10.zip,a1e588a041c094ed263e6ff10cc28b67abd862acfa354ff65e3f9ad1c179bae7,14647360,downloaded
scada,DISPATCH_UNIT_SCADA,2019-11,https://nemweb.com.au/Data_Archive/Wholesale_Electricity/MMSDM/2019/MMSDM_2019_11/MMSDM_Historical_Data_SQLLoader/DATA/PUBLIC_DVD_DISPATCH_UNIT_SCADA_201911010000.zip,2026-08-23T03:27:03.250218+00:00,data/raw/aemo_history/scada/2019-11.zip,d2897b920796b025633deb49bd1b2cf318f9ad5381543a5eba2c8a816c154e97,13861721,downloaded
scada,DISPATCH_UNIT_SCADA,2019-12,https://nemweb.com.au/Data_Archive/Wholesale_Electricity/MMSDM/2019/MMSDM_2019_12/MMSDM_Historical_Data_SQLLoader/DATA/PUBLIC_DVD_DISPATCH_UNIT_SCADA_201912010000.zip,2026-08-23T03:27:13.355254+00:00,data/raw/aemo_history/scada/2019-12.zip,933dfa319104c694aa7d7af3e5df97d34bb693fb59e834da496c0bf5a57e48eb,14506996,downloaded
scada,DISPATCH_UNIT_SCADA,2020-01,https://nemweb.com.au/Data_Archive/Wholesale_Electricity/MMSDM/2020/MMSDM_2020_01/MMSDM_Historical_Data_SQLLoader/DATA/PUBLIC_DVD_DISPATCH_UNIT_SCADA_202001010000.zip,2026-08-23T03:27:23.344860+00:00,data/raw/aemo_history/scada/2020-01.zip,c23ba43060a2e8d5c97cc2c58aa06724bf762fa62ac953e7e798bca00549f565,14580965,downloaded
scada,DISPATCH_UNIT_SCADA,2020-02,https://nemweb.com.au/Data_Archive/Wholesale_Electricity/MMSDM/2020/MMSDM_2020_02/MMSDM_Historical_Data_SQLLoader/DATA/PUBLIC_DVD_DISPATCH_UNIT_SCADA_202002010000.zip,2026-08-23T03:27:34.214270+00:00,data/raw/aemo_history/scada/2020-02.zip,b2cd897b5700d7d741601a497e7c0f363c0343223a45e1d38ddbeb6f306d9a47,13641283,downloaded
scada,DISPATCH_UNIT_SCADA,2020-03,https://nemweb.com.au/Data_Archive/Wholesale_Electricity/MMSDM/2020/MMSDM_2020_03/MMSDM_Historical_Data_SQLLoader/DATA/PUBLIC_DVD_DISPATCH_UNIT_SCADA_202003010000.zip,2026-08-23T03:27:44.833632+00:00,data/raw/aemo_history/scada/2020-03.zip,d4ee37adbc0230a98ebc726c4e91950a16d91483e574bc4957b48f98802fc66c,14875119,downloaded
scada,DISPATCH_UNIT_SCADA,2020-04,https://nemweb.com.au/Data_Archive/Wholesale_Electricity/MMSDM/2020/MMSDM_2020_04/MMSDM_Historical_Data_SQLLoader/DATA/PUBLIC_DVD_DISPATCH_UNIT_SCADA_202004010000.zip,2026-08-23T03:27:54.687498+00:00,data/raw/aemo_history/scada/2020-04.zip,7efc769a11c56a31b85deee992031359415b1e424db824fa592c7426311063dc,14191630,downloaded
scada,DISPATCH_UNIT_SCADA,2020-05,https://nemweb.com.au/Data_Archive/Wholesale_Electricity/MMSDM/2020/MMSDM_2020_05/MMSDM_Historical_Data_SQLLoader/DATA/PUBLIC_DVD_DISPATCH_UNIT_SCADA_202005010000.zip,2026-08-23T03:28:05.822560+00:00,data/raw/aemo_history/scada/2020-05.zip,1995cd42057dfe915d82c1d3e95ca8823b47ea365c01f2e147c2475bf3bf4022,16839814,downloaded
scada,DISPATCH_UNIT_SCADA,2020-06,https://nemweb.com.au/Data_Archive/Wholesale_Electricity/MMSDM/2020/MMSDM_2020_06/MMSDM_Historical_Data_SQLLoader/DATA/PUBLIC_DVD_DISPATCH_UNIT_SCADA_202006010000.zip,2026-08-23T03:28:17.443609+00:00,data/raw/aemo_history/scada/2020-06.zip,24ba66921d2d41763a900a0059144ea1aaa5043b23362445c7c8e3f833cf6ca9,14412937,downloaded
scada,DISPATCH_UNIT_SCADA,2020-07,https://nemweb.com.au/Data_Archive/Wholesale_Electricity/MMSDM/2020/MMSDM_2020_07/MMSDM_Historical_Data_SQLLoader/DATA/PUBLIC_DVD_DISPATCH_UNIT_SCADA_202007010000.zip,2026-08-23T03:28:28.587368+00:00,data/raw/aemo_history/scada/2020-07.zip,e8d5ef4d8514080182c598dd1c43fdae34ef96db0b7517ecf9bcffd51b35f472,16936304,downloaded
scada,DISPATCH_UNIT_SCADA,2020-08,https://nemweb.com.au/Data_Archive/Wholesale_Electricity/MMSDM/2020/MMSDM_2020_08/MMSDM_Historical_Data_SQLLoader/DATA/PUBLIC_DVD_DISPATCH_UNIT_SCADA_202008010000.zip,2026-08-23T03:28:39.457217+00:00,data/raw/aemo_history/scada/2020-08.zip,85fe5524aeff44fad5992acd3f2014475c1c8b60903fef0d37b32762d5fbfd74,14841400,downloaded
scada,DISPATCH_UNIT_SCADA,2020-09,https://nemweb.com.au/Data_Archive/Wholesale_Electricity/MMSDM/2020/MMSDM_2020_09/MMSDM_Historical_Data_SQLLoader/DATA/PUBLIC_DVD_DISPATCH_UNIT_SCADA_202009010000.zip,2026-08-23T03:28:49.867531+00:00,data/raw/aemo_history/scada/2020-09.zip,39bf7d3ebd8ce7ec5b1a20b18bbd32b2461939b0ab9d256e35d4fac440726c42,14944117,downloaded
scada,DISPATCH_UNIT_SCADA,2020-10,https://nemweb.com.au/Data_Archive/Wholesale_Electricity/MMSDM/2020/MMSDM_2020_10/MMSDM_Historical_Data_SQLLoader/DATA/PUBLIC_DVD_DISPATCH_UNIT_SCADA_202010010000.zip,2026-08-23T03:29:01.616043+00:00,data/raw/aemo_history/scada/2020-10.zip,83515dae4d678e474b48ba95f8411126552c38fabe28b6f363563b12920cc066,14982818,downloaded
scada,DISPATCH_UNIT_SCADA,2020-11,https://nemweb.com.au/Data_Archive/Wholesale_Electricity/MMSDM/2020/MMSDM_2020_11/MMSDM_Historical_Data_SQLLoader/DATA/PUBLIC_DVD_DISPATCH_UNIT_SCADA_202011010000.zip,2026-08-23T03:29:11.700674+00:00,data/raw/aemo_history/scada/2020-11.zip,ded14f71145cc398d72dfd47fc861a2389e4228fd144c7b03b5e1c2016a2e6fa,16843488,downloaded
scada,DISPATCH_UNIT_SCADA,2020-12,https://nemweb.com.au/Data_Archive/Wholesale_Electricity/MMSDM/2020/MMSDM_2020_12/MMSDM_Historical_Data_SQLLoader/DATA/PUBLIC_DVD_DISPATCH_UNIT_SCADA_202012010000.zip,2026-08-23T03:29:24.077752+00:00,data/raw/aemo_history/scada/2020-12.zip,0dbedcd758eca1a0fbe2e97ec3e9fe4a92e527a0959aba83e227d74b5abba44a,17614377,downloaded
scada,DISPATCH_UNIT_SCADA,2021-01,https://nemweb.com.au/Data_Archive/Wholesale_Electricity/MMSDM/2021/MMSDM_2021_01/MMSDM_Historical_Data_SQLLoader/DATA/PUBLIC_DVD_DISPATCH_UNIT_SCADA_202101010000.zip,2026-08-23T03:29:34.885038+00:00,data/raw/aemo_history/scada/2021-01.zip,ff85bf9987ad045a405d7ea66fe19a37a63f34003ded2a14a320b6633a76c7d2,17766696,downloaded
scada,DISPATCH_UNIT_SCADA,2021-02,https://nemweb.com.au/Data_Archive/Wholesale_Electricity/MMSDM/2021/MMSDM_2021_02/MMSDM_Historical_Data_SQLLoader/DATA/PUBLIC_DVD_DISPATCH_UNIT_SCADA_202102010000.zip,2026-08-23T03:29:45.804594+00:00,data/raw/aemo_history/scada/2021-02.zip,1e5dcd11820b198c59510d359a7d38c563cd7b652ca68f1f86798df4d3045b43,14454974,downloaded
scada,DISPATCH_UNIT_SCADA,2021-03,https://nemweb.com.au/Data_Archive/Wholesale_Electricity/MMSDM/2021/MMSDM_2021_03/MMSDM_Historical_Data_SQLLoader/DATA/PUBLIC_DVD_DISPATCH_UNIT_SCADA_202103010000.zip,2026-08-23T03:29:56.502971+00:00,data/raw/aemo_history/scada/2021-03.zip,2c4113840c85a0cb21bf58c728373ec64d88c91342521bae49d5982909859403,18221265,downloaded
scada,DISPATCH_UNIT_SCADA,2021-04,https://nemweb.com.au/Data_Archive/Wholesale_Electricity/MMSDM/2021/MMSDM_2021_04/MMSDM_Historical_Data_SQLLoader/DATA/PUBLIC_DVD_DISPATCH_UNIT_SCADA_202104010000.zip,2026-08-23T03:30:07.363413+00:00,data/raw/aemo_history/scada/2021-04.zip,1171d8458fbecd4dbfc363cac96f2781e5440d3dc20148ac52ccde892c08ecbf,15347983,downloaded
scada,DISPATCH_UNIT_SCADA,2021-05,https://nemweb.com.au/Data_Archive/Wholesale_Electricity/MMSDM/2021/MMSDM_2021_05/MMSDM_Historical_Data_SQLLoader/DATA/PUBLIC_DVD_DISPATCH_UNIT_SCADA_202105010000.zip,2026-08-23T03:30:17.549583+00:00,data/raw/aemo_history/scada/2021-05.zip,9df2b81a7f066456bd451a6e7f3f792ef618698479aacd570b7c5f0425130c11,18358662,downloaded
scada,DISPATCH_UNIT_SCADA,2021-06,https://nemweb.com.au/Data_Archive/Wholesale_Electricity/MMSDM/2021/MMSDM_2021_06/MMSDM_Historical_Data_SQLLoader/DATA/PUBLIC_DVD_DISPATCH_UNIT_SCADA_202106010000.zip,2026-08-23T03:30:27.905599+00:00,data/raw/aemo_history/scada/2021-06.zip,596d8e64e1750eea1c5c4a146eea2b90cd296b14770ef4793e2b50fa7807c81a,17869691,downloaded
scada,DISPATCH_UNIT_SCADA,2021-07,https://nemweb.com.au/Data_Archive/Wholesale_Electricity/MMSDM/2021/MMSDM_2021_07/MMSDM_Historical_Data_SQLLoader/DATA/PUBLIC_DVD_DISPATCH_UNIT_SCADA_202107010000.zip,2026-08-23T03:30:38.782261+00:00,data/raw/aemo_history/scada/2021-07.zip,9e5f70f3a1e651822c344021347c9c28b8365eadd99150d31322de3115e9296f,18513272,downloaded
scada,DISPATCH_UNIT_SCADA,2021-08,https://nemweb.com.au/Data_Archive/Wholesale_Electricity/MMSDM/2021/MMSDM_2021_08/MMSDM_Historical_Data_SQLLoader/DATA/PUBLIC_DVD_DISPATCH_UNIT_SCADA_202108010000.zip,2026-08-23T03:30:51.285488+00:00,data/raw/aemo_history/scada/2021-08.zip,52d2d2449ca987ce12a2797e363ed2e6fabbafc8cc82672da54dde31bf3c78ca,16856584,downloaded
scada,DISPATCH_UNIT_SCADA,2021-09,https://nemweb.com.au/Data_Archive/Wholesale_Electricity/MMSDM/2021/MMSDM_2021_09/MMSDM_Historical_Data_SQLLoader/DATA/PUBLIC_DVD_DISPATCH_UNIT_SCADA_202109010000.zip,2026-08-23T03:31:01.940160+00:00,data/raw/aemo_history/scada/2021-09.zip,bf729d6d191104adf4fec989a50123660f5668820d6bcebff668a5075215b0d0,16197600,downloaded
scada,DISPATCH_UNIT_SCADA,2021-10,https://nemweb.com.au/Data_Archive/Wholesale_Electricity/MMSDM/2021/MMSDM_2021_10/MMSDM_Historical_Data_SQLLoader/DATA/PUBLIC_DVD_DISPATCH_UNIT_SCADA_202110010000.zip,2026-08-23T03:31:12.955951+00:00,data/raw/aemo_history/scada/2021-10.zip,7e03a24dbf25149dba96eedd336680252babb94742244822499c0068a351a76f,19337508,downloaded
scada,DISPATCH_UNIT_SCADA,2021-11,https://nemweb.com.au/Data_Archive/Wholesale_Electricity/MMSDM/2021/MMSDM_2021_11/MMSDM_Historical_Data_SQLLoader/DATA/PUBLIC_DVD_DISPATCH_UNIT_SCADA_202111010000.zip,2026-08-23T03:31:24.128146+00:00,data/raw/aemo_history/scada/2021-11.zip,9151f9b0ce1b08def9fda5b3ef6d00cb298d7ff3406d327cb58dfdd4b216b6c5,16483212,downloaded
scada,DISPATCH_UNIT_SCADA,2021-12,https://nemweb.com.au/Data_Archive/Wholesale_Electricity/MMSDM/2021/MMSDM_2021_12/MMSDM_Historical_Data_SQLLoader/DATA/PUBLIC_DVD_DISPATCH_UNIT_SCADA_202112010000.zip,2026-08-23T03:31:35.787100+00:00,data/raw/aemo_history/scada/2021-12.zip,fffc83df6aa69ba5ef46f7da06fd3d143ab3adf66fde552ef00042afd799679e,19723498,downloaded
scada,DISPATCH_UNIT_SCADA,2022-01,https://nemweb.com.au/Data_Archive/Wholesale_Electricity/MMSDM/2022/MMSDM_2022_01/MMSDM_Historical_Data_SQLLoader/DATA/PUBLIC_DVD_DISPATCH_UNIT_SCADA_202201010000.zip,2026-08-23T03:31:47.252520+00:00,data/raw/aemo_history/scada/2022-01.zip,6d1ee59e021d25096cbf0becdc921e616b364f60cd986da35eb1b1f175f1c816,17545731,downloaded
scada,DISPATCH_UNIT_SCADA,2022-02,https://nemweb.com.au/Data_Archive/Wholesale_Electricity/MMSDM/2022/MMSDM_2022_02/MMSDM_Historical_Data_SQLLoader/DATA/PUBLIC_DVD_DISPATCH_UNIT_SCADA_202202010000.zip,2026-08-23T03:31:58.458705+00:00,data/raw/aemo_history/scada/2022-02.zip,a5c53d5ced31697b96b3f56081d66890c5516b74ebc28b47752ec3350a18191f,18222748,downloaded
scada,DISPATCH_UNIT_SCADA,2022-03,https://nemweb.com.au/Data_Archive/Wholesale_Electricity/MMSDM/2022/MMSDM_2022_03/MMSDM_Historical_Data_SQLLoader/DATA/PUBLIC_DVD_DISPATCH_UNIT_SCADA_202203010000.zip,2026-08-23T03:32:08.493927+00:00,data/raw/aemo_history/scada/2022-03.zip,5a453185fc371a527bd5a6d2a88fe4c0e0c14280d4958124166bced2c0ed51ee,17502436,downloaded
scada,DISPATCH_UNIT_SCADA,2022-04,https://nemweb.com.au/Data_Archive/Wholesale_Electricity/MMSDM/2022/MMSDM_2022_04/MMSDM_Historical_Data_SQLLoader/DATA/PUBLIC_DVD_DISPATCH_UNIT_SCADA_202204010000.zip,2026-08-23T03:32:20.317969+00:00,data/raw/aemo_history/scada/2022-04.zip,1a56f4006eb15c56d63e2998f3069f27515d36b53a78aa6d53878e1cb0d9989c,19464357,downloaded
scada,DISPATCH_UNIT_SCADA,2022-05,https://nemweb.com.au/Data_Archive/Wholesale_Electricity/MMSDM/2022/MMSDM_2022_05/MMSDM_Historical_Data_SQLLoader/DATA/PUBLIC_DVD_DISPATCH_UNIT_SCADA_202205010000.zip,2026-08-23T03:32:31.171983+00:00,data/raw/aemo_history/scada/2022-05.zip,15c266f36fd249fdc6d545d169013afe8334e185136a9007edfedb3bb5e7e6b5,17675744,downloaded
scada,DISPATCH_UNIT_SCADA,2022-06,https://nemweb.com.au/Data_Archive/Wholesale_Electricity/MMSDM/2022/MMSDM_2022_06/MMSDM_Historical_Data_SQLLoader/DATA/PUBLIC_DVD_DISPATCH_UNIT_SCADA_202206010000.zip,2026-08-23T03:32:43.456958+00:00,data/raw/aemo_history/scada/2022-06.zip,d5ce331df3c20992a26722a15d68bed8fdad88f49302807aae23e71084b3f5ca,20514122,downloaded
scada,DISPATCH_UNIT_SCADA,2022-07,https://nemweb.com.au/Data_Archive/Wholesale_Electricity/MMSDM/2022/MMSDM_2022_07/MMSDM_Historical_Data_SQLLoader/DATA/PUBLIC_DVD_DISPATCH_UNIT_SCADA_202207010000.zip,2026-08-23T03:32:55.925443+00:00,data/raw/aemo_history/scada/2022-07.zip,64679231bcdd40ffe533274b96aff2acfd7b2941eecdbd1a089948192d89b8d6,18209672,downloaded
scada,DISPATCH_UNIT_SCADA,2022-08,https://nemweb.com.au/Data_Archive/Wholesale_Electricity/MMSDM/2022/MMSDM_2022_08/MMSDM_Historical_Data_SQLLoader/DATA/PUBLIC_DVD_DISPATCH_UNIT_SCADA_202208010000.zip,2026-08-23T03:33:07.429879+00:00,data/raw/aemo_history/scada/2022-08.zip,544d5cdbb10332429146daa01ef82179a2632c76000d3287abd32912844b3307,21201191,downloaded
scada,DISPATCH_UNIT_SCADA,2022-09,https://nemweb.com.au/Data_Archive/Wholesale_Electricity/MMSDM/2022/MMSDM_2022_09/MMSDM_Historical_Data_SQLLoader/DATA/PUBLIC_DVD_DISPATCH_UNIT_SCADA_202209010000.zip,2026-08-23T03:33:18.351699+00:00,data/raw/aemo_history/scada/2022-09.zip,c86b6e691967f390b7071245beabbb685ad7589e1c228eb93004c0d02a1586de,17938897,downloaded
scada,DISPATCH_UNIT_SCADA,2022-10,https://nemweb.com.au/Data_Archive/Wholesale_Electricity/MMSDM/2022/MMSDM_2022_10/MMSDM_Historical_Data_SQLLoader/DATA/PUBLIC_DVD_DISPATCH_UNIT_SCADA_202210010000.zip,2026-08-23T03:33:29.396217+00:00,data/raw/aemo_history/scada/2022-10.zip,f0e012e069bf94456b47b600eee3ad4adea8dfd5b861233c4e8a9d8b27c765f5,23819085,downloaded
scada,DISPATCH_UNIT_SCADA,2022-11,https://nemweb.com.au/Data_Archive/Wholesale_Electricity/MMSDM/2022/MMSDM_2022_11/MMSDM_Historical_Data_SQLLoader/DATA/PUBLIC_DVD_DISPATCH_UNIT_SCADA_202211010000.zip,2026-08-23T03:33:40.887474+00:00,data/raw/aemo_history/scada/2022-11.zip,f0ff1ad4c7cc1d9ce4bab475bd09f0f5a54046a1692aeda0f22ff70f7d55ef6e,19625565,downloaded
scada,DISPATCH_UNIT_SCADA,2022-12,https://nemweb.com.au/Data_Archive/Wholesale_Electricity/MMSDM/2022/MMSDM_2022_12/MMSDM_Historical_Data_SQLLoader/DATA/PUBLIC_DVD_DISPATCH_UNIT_SCADA_202212010000.zip,2026-08-23T03:33:53.766246+00:00,data/raw/aemo_history/scada/2022-12.zip,fdb94d78a755951795a37e1a853d0ddc583905e073f8bee3beb4109ae7cbc98f,24231724,downloaded
scada,DISPATCH_UNIT_SCADA,2023-01,https://nemweb.com.au/Data_Archive/Wholesale_Electricity/MMSDM/2023/MMSDM_2023_01/MMSDM_Historical_Data_SQLLoader/DATA/PUBLIC_DVD_DISPATCH_UNIT_SCADA_202301010000.zip,2026-08-23T03:34:07.033568+00:00,data/raw/aemo_history/scada/2023-01.zip,0cc2037b79527caef5c186df90aa4b7e97c856bfce636a222cadaacac0b252c8,20616110,downloaded
scada,DISPATCH_UNIT_SCADA,2023-02,https://nemweb.com.au/Data_Archive/Wholesale_Electricity/MMSDM/2023/MMSDM_2023_02/MMSDM_Historical_Data_SQLLoader/DATA/PUBLIC_DVD_DISPATCH_UNIT_SCADA_202302010000.zip,2026-08-23T03:34:19.815616+00:00,data/raw/aemo_history/scada/2023-02.zip,c63c675219c07c75887684b4b5830ba7c712edda9d5e6b4f27444b0c9418fa20,18714124,downloaded
scada,DISPATCH_UNIT_SCADA,2023-03,https://nemweb.com.au/Data_Archive/Wholesale_Electricity/MMSDM/2023/MMSDM_2023_03/MMSDM_Historical_Data_SQLLoader/DATA/PUBLIC_DVD_DISPATCH_UNIT_SCADA_202303010000.zip,2026-08-23T03:34:34.795043+00:00,data/raw/aemo_history/scada/2023-03.zip,2ea0d2a0f2218a24ceb9cdfeac0dc07c3e9340efa725fe0f91cf8e43732d435d,24581001,downloaded
scada,DISPATCH_UNIT_SCADA,2023-04,https://nemweb.com.au/Data_Archive/Wholesale_Electricity/MMSDM/2023/MMSDM_2023_04/MMSDM_Historical_Data_SQLLoader/DATA/PUBLIC_DVD_DISPATCH_UNIT_SCADA_202304010000.zip,2026-08-23T03:34:48.322376+00:00,data/raw/aemo_history/scada/2023-04.zip,f5278f7da21525335d9d575c0af393e725af1fe8987ac46c34f7025071213727,23627942,downloaded
scada,DISPATCH_UNIT_SCADA,2023-05,https://nemweb.com.au/Data_Archive/Wholesale_Electricity/MMSDM/2023/MMSDM_2023_05/MMSDM_Historical_Data_SQLLoader/DATA/PUBLIC_DVD_DISPATCH_UNIT_SCADA_202305010000.zip,2026-08-23T03:34:59.544687+00:00,data/raw/aemo_history/scada/2023-05.zip,527a95b7c00bc51504b9b34b8cafa8316ea0df437088c868ea773a6207a97b19,20865664,downloaded
scada,DISPATCH_UNIT_SCADA,2023-06,https://nemweb.com.au/Data_Archive/Wholesale_Electricity/MMSDM/2023/MMSDM_2023_06/MMSDM_Historical_Data_SQLLoader/DATA/PUBLIC_DVD_DISPATCH_UNIT_SCADA_202306010000.zip,2026-08-23T03:35:12.787467+00:00,data/raw/aemo_history/scada/2023-06.zip,c5a4de41adc14c5149b33a7a2dec694272c4519cb7731385f4649d77c579a726,24583122,downloaded
scada,DISPATCH_UNIT_SCADA,2023-07,https://nemweb.com.au/Data_Archive/Wholesale_Electricity/MMSDM/2023/MMSDM_2023_07/MMSDM_Historical_Data_SQLLoader/DATA/PUBLIC_DVD_DISPATCH_UNIT_SCADA_202307010000.zip,2026-08-23T03:35:23.081789+00:00,data/raw/aemo_history/scada/2023-07.zip,2ba486e8da9f365768fe3956bbc0930e9d0c91ca3995692fa65f12238e8684ce,21811614,downloaded
scada,DISPATCH_UNIT_SCADA,2023-08,https://nemweb.com.au/Data_Archive/Wholesale_Electricity/MMSDM/2023/MMSDM_2023_08/MMSDM_Historical_Data_SQLLoader/DATA/PUBLIC_DVD_DISPATCH_UNIT_SCADA_202308010000.zip,2026-08-23T03:35:35.694843+00:00,data/raw/aemo_history/scada/2023-08.zip,ff89f0ff4203f1d977973910876a6e886fceccd6f7b655cde7cb362c356dda38,21563163,downloaded
scada,DISPATCH_UNIT_SCADA,2023-09,https://nemweb.com.au/Data_Archive/Wholesale_Electricity/MMSDM/2023/MMSDM_2023_09/MMSDM_Historical_Data_SQLLoader/DATA/PUBLIC_DVD_DISPATCH_UNIT_SCADA_202309010000.zip,2026-08-23T03:35:47.172226+00:00,data/raw/aemo_history/scada/2023-09.zip,b43ddc188032102e0e88a5a8c7c6616d2298e28d1a2cf2739da942f67baee3dd,20762557,downloaded
scada,DISPATCH_UNIT_SCADA,2023-10,https://nemweb.com.au/Data_Archive/Wholesale_Electricity/MMSDM/2023/MMSDM_2023_10/MMSDM_Historical_Data_SQLLoader/DATA/PUBLIC_DVD_DISPATCH_UNIT_SCADA_202310010000.zip,2026-08-23T03:35:59.221496+00:00,data/raw/aemo_history/scada/2023-10.zip,974851de11d5d7a59cd3b4363d9248b31422353a3b1ef40cb45374b73c84705c,25838907,downloaded
scada,DISPATCH_UNIT_SCADA,2023-11,https://nemweb.com.au/Data_Archive/Wholesale_Electricity/MMSDM/2023/MMSDM_2023_11/MMSDM_Historical_Data_SQLLoader/DATA/PUBLIC_DVD_DISPATCH_UNIT_SCADA_202311010000.zip,2026-08-23T03:36:10.821657+00:00,data/raw/aemo_history/scada/2023-11.zip,34d8c59303e3dee2853fb8e768bb9d27008a76ebbbe9bc50a791179e417b0942,25171530,downloaded
scada,DISPATCH_UNIT_SCADA,2023-12,https://nemweb.com.au/Data_Archive/Wholesale_Electricity/MMSDM/2023/MMSDM_2023_12/MMSDM_Historical_Data_SQLLoader/DATA/PUBLIC_DVD_DISPATCH_UNIT_SCADA_202312010000.zip,2026-08-23T03:36:22.453800+00:00,data/raw/aemo_history/scada/2023-12.zip,fdcdfa6db08d3a6ff76a9d0f84f3f6db649d4c3449860ed091506a45f468d96f,26475819,downloaded
scada,DISPATCH_UNIT_SCADA,2024-01,https://nemweb.com.au/Data_Archive/Wholesale_Electricity/MMSDM/2024/MMSDM_2024_01/MMSDM_Historical_Data_SQLLoader/DATA/PUBLIC_DVD_DISPATCH_UNIT_SCADA_202401010000.zip,2026-08-23T03:36:33.574236+00:00,data/raw/aemo_history/scada/2024-01.zip,d07beea6bea8692f915590bbc13e05119653d742d6aaf6e24283131d647bb7b5,22576818,downloaded
scada,DISPATCH_UNIT_SCADA,2024-02,https://nemweb.com.au/Data_Archive/Wholesale_Electricity/MMSDM/2024/MMSDM_2024_02/MMSDM_Historical_Data_SQLLoader/DATA/PUBLIC_DVD_DISPATCH_UNIT_SCADA_202402010000.zip,2026-08-23T03:36:45.564605+00:00,data/raw/aemo_history/scada/2024-02.zip,c974eac6aea7a771e484c9ecfc28bc2912427f1319526b0c640e8146cf66c8d9,24959947,downloaded
scada,DISPATCH_UNIT_SCADA,2024-03,https://nemweb.com.au/Data_Archive/Wholesale_Electricity/MMSDM/2024/MMSDM_2024_03/MMSDM_Historical_Data_SQLLoader/DATA/PUBLIC_DVD_DISPATCH_UNIT_SCADA_202403010000.zip,2026-08-23T03:36:56.140946+00:00,data/raw/aemo_history/scada/2024-03.zip,5f1aa705b72bce47e222abbb38c2bbf20672e1db6c8165b003118d53888a5db2,26555438,downloaded
scada,DISPATCH_UNIT_SCADA,2024-04,https://nemweb.com.au/Data_Archive/Wholesale_Electricity/MMSDM/2024/MMSDM_2024_04/MMSDM_Historical_Data_SQLLoader/DATA/PUBLIC_DVD_DISPATCH_UNIT_SCADA_202404010000.zip,2026-08-23T03:37:08.619087+00:00,data/raw/aemo_history/scada/2024-04.zip,ad1e914684e02e5bfa63faa6dc10cfeb640e1653f3633f2f349a3852e6587c82,21314358,downloaded
scada,DISPATCH_UNIT_SCADA,2024-05,https://nemweb.com.au/Data_Archive/Wholesale_Electricity/MMSDM/2024/MMSDM_2024_05/MMSDM_Historical_Data_SQLLoader/DATA/PUBLIC_DVD_DISPATCH_UNIT_SCADA_202405010000.zip,2026-08-23T03:37:20.076224+00:00,data/raw/aemo_history/scada/2024-05.zip,741ed97259fcc58a4264fb18540c31926f46a184a170cf401814684411434ff1,26290753,downloaded
scada,DISPATCH_UNIT_SCADA,2024-06,https://nemweb.com.au/Data_Archive/Wholesale_Electricity/MMSDM/2024/MMSDM_2024_06/MMSDM_Historical_Data_SQLLoader/DATA/PUBLIC_DVD_DISPATCH_UNIT_SCADA_202406010000.zip,2026-08-23T03:37:31.954223+00:00,data/raw/aemo_history/scada/2024-06.zip,6815dd2fff1417ac08f3d7e696da6166440c0f06b1e511ebad81d62577217a6f,25791691,downloaded
scada,DISPATCH_UNIT_SCADA,2024-07,https://nemweb.com.au/Data_Archive/Wholesale_Electricity/MMSDM/2024/MMSDM_2024_07/MMSDM_Historical_Data_SQLLoader/DATA/PUBLIC_DVD_DISPATCH_UNIT_SCADA_202407010000.zip,2026-08-23T03:37:44.278592+00:00,data/raw/aemo_history/scada/2024-07.zip,31804ec05289f3f2292191de8aab8c2aaed0d4881baa871478ab3bcdfcc426b2,27095474,downloaded
scada,DISPATCH_UNIT_SCADA,2024-08,https://nemweb.com.au/Data_Archive/Wholesale_Electricity/MMSDM/2024/MMSDM_2024_08/MMSDM_Historical_Data_SQLLoader/DATA/PUBLIC_ARCHIVE%23DISPATCH_UNIT_SCADA%23FILE01%23202408010000.zip,2026-08-23T03:37:57.298866+00:00,data/raw/aemo_history/scada/2024-08.zip,5aa2747e0ce5fc9a377550b6367a509a0b94095cea543d2a4816a37cd177a58c,21775934,downloaded
scada,DISPATCH_UNIT_SCADA,2024-09,https://nemweb.com.au/Data_Archive/Wholesale_Electricity/MMSDM/2024/MMSDM_2024_09/MMSDM_Historical_Data_SQLLoader/DATA/PUBLIC_ARCHIVE%23DISPATCH_UNIT_SCADA%23FILE01%23202409010000.zip,2026-08-23T03:38:10.595398+00:00,data/raw/aemo_history/scada/2024-09.zip,0beda530d6fb6afef33cf905fc320217898d4975df4a3ea4b8ca6dbafc9e6eaa,21241428,downloaded
scada,DISPATCH_UNIT_SCADA,2024-10,https://nemweb.com.au/Data_Archive/Wholesale_Electricity/MMSDM/2024/MMSDM_2024_10/MMSDM_Historical_Data_SQLLoader/DATA/PUBLIC_ARCHIVE%23DISPATCH_UNIT_SCADA%23FILE01%23202410010000.zip,2026-08-23T03:38:23.220029+00:00,data/raw/aemo_history/scada/2024-10.zip,c226ddee21a7ed673d20756d0d5cb0d41814324f1a1a812252e051e861bea3df,21855822,downloaded
scada,DISPATCH_UNIT_SCADA,2024-11,https://nemweb.com.au/Data_Archive/Wholesale_Electricity/MMSDM/2024/MMSDM_2024_11/MMSDM_Historical_Data_SQLLoader/DATA/PUBLIC_ARCHIVE%23DISPATCH_UNIT_SCADA%23FILE01%23202411010000.zip,2026-08-23T03:38:35.740515+00:00,data/raw/aemo_history/scada/2024-11.zip,699dab2f3acd8af9803365927593157bee3b199c214ad17811234ca9493da777,27417569,downloaded
scada,DISPATCH_UNIT_SCADA,2024-12,https://nemweb.com.au/Data_Archive/Wholesale_Electricity/MMSDM/2024/MMSDM_2024_12/MMSDM_Historical_Data_SQLLoader/DATA/PUBLIC_ARCHIVE%23DISPATCH_UNIT_SCADA%23FILE01%23202412010000.zip,2026-08-23T03:38:49.361152+00:00,data/raw/aemo_history/scada/2024-12.zip,cdeaa61a4a9a974e6aa75846c11d504dec60f8171fe2de768ea87235a54f114b,30367823,downloaded
scada,DISPATCH_UNIT_SCADA,2025-01,https://nemweb.com.au/Data_Archive/Wholesale_Electricity/MMSDM/2025/MMSDM_2025_01/MMSDM_Historical_Data_SQLLoader/DATA/PUBLIC_ARCHIVE%23DISPATCH_UNIT_SCADA%23FILE01%23202501010000.zip,2026-08-23T03:39:03.228814+00:00,data/raw/aemo_history/scada/2025-01.zip,b35b37e36d2947c99251bbe789698d9cc1e001295856465aaa31f511e3ba5214,30490625,downloaded
scada,DISPATCH_UNIT_SCADA,2025-02,https://nemweb.com.au/Data_Archive/Wholesale_Electricity/MMSDM/2025/MMSDM_2025_02/MMSDM_Historical_Data_SQLLoader/DATA/PUBLIC_ARCHIVE%23DISPATCH_UNIT_SCADA%23FILE01%23202502010000.zip,2026-08-23T03:39:15.645239+00:00,data/raw/aemo_history/scada/2025-02.zip,f9b3467f89c77501d4c65c14494ac7e7d5e532efee2fa0c3a1073b4f1d93aaae,27777265,downloaded
scada,DISPATCH_UNIT_SCADA,2025-03,https://nemweb.com.au/Data_Archive/Wholesale_Electricity/MMSDM/2025/MMSDM_2025_03/MMSDM_Historical_Data_SQLLoader/DATA/PUBLIC_ARCHIVE%23DISPATCH_UNIT_SCADA%23FILE01%23202503010000.zip,2026-08-23T03:39:28.865362+00:00,data/raw/aemo_history/scada/2025-03.zip,4218161a53127788720db3870db2e479cf9927f2f442246ebfa0629d4974f2b5,30602450,downloaded
scada,DISPATCH_UNIT_SCADA,2025-04,https://nemweb.com.au/Data_Archive/Wholesale_Electricity/MMSDM/2025/MMSDM_2025_04/MMSDM_Historical_Data_SQLLoader/DATA/PUBLIC_ARCHIVE%23DISPATCH_UNIT_SCADA%23FILE01%23202504010000.zip,2026-08-23T03:39:41.060091+00:00,data/raw/aemo_history/scada/2025-04.zip,f8ddbf7f38534ac270ee83b2bbc741f975291a181000046cf08b1a961fce9b55,29513171,downloaded
scada,DISPATCH_UNIT_SCADA,2025-05,https://nemweb.com.au/Data_Archive/Wholesale_Electricity/MMSDM/2025/MMSDM_2025_05/MMSDM_Historical_Data_SQLLoader/DATA/PUBLIC_ARCHIVE%23DISPATCH_UNIT_SCADA%23FILE01%23202505010000.zip,2026-08-23T03:39:53.750112+00:00,data/raw/aemo_history/scada/2025-05.zip,953f124d766eb0af93e9ee229ef61a6dfdf25c40ee34eb5b15b6a64a7dc2dca1,30651298,downloaded
scada,DISPATCH_UNIT_SCADA,2025-06,https://nemweb.com.au/Data_Archive/Wholesale_Electricity/MMSDM/2025/MMSDM_2025_06/MMSDM_Historical_Data_SQLLoader/DATA/PUBLIC_ARCHIVE%23DISPATCH_UNIT_SCADA%23FILE01%23202506010000.zip,2026-08-23T03:40:07.368382+00:00,data/raw/aemo_history/scada/2025-06.zip,4dad36eaf4f5316c66ca78697aba1d4b5c9c4e6939c3ee5b2384518b11edb2df,30231488,downloaded
